transactionID,deviceID
T_EWAOUAXE,D0024
T_QM5K8P4Q,D0014
T_2X18HAFE,D0029
T_1GV0E38D,D0043
T_OZCYWD14,D0050
T_TXCXAPRP,D0009
T_08J3TRP0,D0017
T_IQVNB4GH,D0056
T_5USGIOTI,D0050
T_KOIXNTM9,D0029
T_JEGET1GH,D0038
T_3KMKZEBB,D0055
T_DAKRM8J5,D0031
T_WBFUK9E1,D0049
T_QP49KWV0,D0013
T_CITFOYQB,D0055
T_Y72WX7PT,D0004
T_2V37PQKO,D0028
T_BPLJD84U,D0002
T_GSPK9P38,D0020
T_4LYK83TQ,D0049
T_S9XTOGN1,D0017
T_7PZE9VIF,D0005
T_6QE3RZSJ,D0029
T_N7S55J2O,D0052
T_04UX5QRL,D0059
T_GZUI1B0Z,D0050
T_9RBSV55P,D0046
T_58C2JWOC,D0020
T_5RTWIYKI,D0045
T_PY6B2KNF,D0050
T_GVNYRUIW,D0057
T_TC89K8YQ,D0006
T_UU9K9XJU,D0047
T_6K2VMWWY,D0006
T_XLPU0DK0,D0056
T_SJF678K5,D0009
T_40982N2A,D0043
T_JNWNYQW7,D0041
T_36KOF8KR,D0024
T_Y08P0FOD,D0002
T_HQIN9N6X,D0007
T_QXXVA2IE,D0013
T_3I12VJ99,D0042
T_EM2VAJEP,D0028
T_SDS8B25S,D0030
T_PDZP6LFE,D0045
T_9TQVDZ4X,D0028
T_O3O0LLJ8,D0005
T_DD03UVUL,D0048
T_6BKLDSFR,D0023
T_KIPU1WYU,D0011
T_17MGFXC0,D0033
T_PMNZ1UDB,D0043
T_PPVOHSMD,D0033
T_BOVAKHEJ,D0047
T_ETIUYMO0,D0055
T_POXKO8G8,D0027
T_IVSOLMLG,D0032
T_1M8XFDJG,D0049
T_QUUY5X9L,D0028
T_PKJCSLQC,D0055
T_WSQT26Q3,D0030
T_8Q349DXB,D0033
T_N7N1YBWM,D0024
T_0X65MUFM,D0038
T_LN23Y30Y,D0023
T_L8M1G9FK,D0053
T_SX5WVFGY,D0028
T_NZ8V12II,D0023
T_9QKNS832,D0041
T_N7ZSEDFQ,D0058
T_QMABSI9N,D0041
T_FB7R31QW,D0013
T_T0SEKKBP,D0007
T_RTWUZKAM,D0042
T_9CSS9TOQ,D0047
T_2M0W10LB,D0029
T_W3C1QKBH,D0025
T_RBXK5BXJ,D0047
T_8MGYN2JC,D0052
T_KDLKQZFP,D0027
T_98CWN2Y8,D0050
T_EIXN8BFQ,D0036
T_NLK8AGS6,D0028
T_K6RE4Q6Q,D0022
T_TKKFZZGN,D0015
T_ATN2TWDL,D0026
T_3C9XQYM5,D0049
T_S53SKF7I,D0054
T_H8JWWDXV,D0039
T_V4U3BBXU,D0039
T_RWK8R2YK,D0028
T_QMF5L9MO,D0006
T_QJIDKNWI,D0059
T_L1RSRLA8,D0037
T_BR5XQT4P,D0023
T_BUNKNQT3,D0008
T_N9UNFVOB,D0033
T_VSLWF90K,D0031
T_K3NY9V20,D0030
T_21UZVGWW,D0015
T_8DALFYO1,D0008
T_U9RN8QTT,D0030
T_KK791ZYR,D0017
T_UT6OM1FB,D0059
T_JRHT7ZEW,D0042
T_IIDLRYE8,D0041
T_5RH8LX6D,D0046
T_B7P47B42,D0000
T_V7MQXS6E,D0051
T_FQJG02U1,D0032
T_OD9R7ANQ,D0037
T_AXYCELOS,D0007
T_7NH8RQ9N,D0051
T_HI15CQZC,D0057
T_UFLSEHUD,D0008
T_QCQ30O30,D0022
T_TC69QKGE,D0057
T_56NYXTXM,D0033
T_9419QZPN,D0009
T_70E3P15A,D0002
T_Y5IBPT11,D0052
T_UU13I59S,D0035
T_0GYUBMXN,D0009
T_GTII4FQC,D0033
T_IHX74D0G,D0002
T_G10UR5L8,D0007
T_RIVH6T1N,D0016
T_5Q201LHL,D0009
T_TVZKHIUI,D0048
T_8XRG2GZR,D0003
T_4C3BAEWC,D0029
T_WYWRRATA,D0018
T_3Y36DDFG,D0050
T_NOU9IY4X,D0025
T_RWZC4XL9,D0014
T_55RBC76U,D0013
T_1ZOCFI4O,D0048
T_2YC0MDIC,D0025
T_BJ9RM7PY,D0018
T_ZCFZW0LD,D0023
T_DDPUSDDT,D0000
T_ND669UGN,D0031
T_GJK2N7ZR,D0008
T_8LW2LM34,D0020
T_HL88KZRU,D0052
T_N7H9G1A0,D0051
T_Y32ORWIX,D0028
T_UT75PB8Z,D0058
T_1XMXB9YO,D0000
T_H0UYHNQY,D0001
T_K7D30MM2,D0006
T_ZLK3E4XY,D0011
T_LPQ2WGXO,D0037
T_AHKZ2U2T,D0007
T_5SXVWVM4,D0037
T_EEKGYSPE,D0040
T_77GGKG4W,D0008
T_NUXORZPG,D0002
T_TGQ01TEE,D0052
T_1PHP0XI5,D0055
T_P91I3VMZ,D0008
T_32UTVG9K,D0052
T_82795E5I,D0025
T_UJOQW5DS,D0031
T_A100QXMC,D0052
T_J3MUURMY,D0050
T_A7FQ9P96,D0055
T_JXJN6FOK,D0041
T_DHCVSQAM,D0008
T_ID3DNKN3,D0033
T_VFMH07WP,D0048
T_0MP2IXIV,D0001
T_5HVGOX22,D0015
T_VT997E4U,D0049
T_VAH78OKZ,D0025
T_TWJLSH3T,D0044
T_8II7EWBX,D0000
T_ZF8S2ZGE,D0056
T_6MPSJ9WR,D0054
T_NJDU0ISB,D0030
T_7G8B2ZXI,D0052
T_NS6G298C,D0020
T_QNK20IN8,D0057
T_2F7ATWYA,D0046
T_H9P89FKB,D0044
T_Q0USWOVC,D0018
T_L2Z0LJCH,D0009
T_QLEM1QQ4,D0044
T_H4FZ8OBK,D0025
T_UTDD2EC2,D0023
T_7DV7C9HX,D0007
T_B7P0RNPM,D0028
T_BWIKOTCK,D0056
T_I9TANZR2,D0020
T_GLH62C9T,D0006
T_IT2018U9,D0015
T_3Z6BZ8UU,D0019
T_BCVARLW3,D0003
T_V71448N7,D0019
T_90PXRLZU,D0014
T_3N0KGAZU,D0011
T_78HU7F0I,D0056
T_ZX5QJICJ,D0024
T_PFO5MN32,D0028
T_4KL8CGN0,D0038
T_RB7F6FDH,D0059
T_JKIBU4FM,D0040
T_HAGKC4LO,D0041
T_G5NQJQIJ,D0042
T_T8VT43PT,D0056
T_KO4BUSU9,D0010
T_GBCYH3FV,D0024
T_T4S7AZV2,D0036
T_177UDKTM,D0031
T_RGOWYOO5,D0030
T_6A3KKRZD,D0047
T_3JPXGH30,D0032
T_CZO2SUG5,D0002
T_7ZJ3SWEB,D0011
T_VMF60YKN,D0054
T_IHXS58YR,D0051
T_J2K8XPNM,D0043
T_WVA984UV,D0004
T_X5JZ6KF1,D0042
T_FARK6O0U,D0046
T_YWR7MKGX,D0030
T_J31GYMDM,D0050
T_NVQEBWUW,D0007
T_NKB4EHOU,D0020
T_GCL9LCQH,D0031
T_2EPPPRAT,D0048
T_GYWIYMEN,D0052
T_8QSSPYE9,D0058
T_OI0E0VGN,D0056
T_1WVBD4BE,D0016
T_FZWKXXJV,D0046
T_K2RV239M,D0035
T_H7LAY64Y,D0004
T_6XQ9JB35,D0020
T_E46AEXL6,D0005
T_MEOQ4YRP,D0008
T_C7FOV2YG,D0001
T_506RR5PC,D0055
T_1UU9YMSZ,D0022
T_XF36WA7S,D0004
T_LLKSTN3C,D0005
T_QERXDOUA,D0040
T_SHY8NBIQ,D0030
T_NQDXAMW2,D0006
T_FFZZDVG7,D0045
T_1BWYE6QV,D0033
T_TPV726YG,D0042
T_5SN961J8,D0008
T_Z0KZ4Z7W,D0018
T_7EZ9GTWZ,D0037
T_ZY6T5PAD,D0003
T_1FKJ4YK1,D0039
T_050UI22K,D0026
T_LTAJW253,D0034
T_H0GQ9C80,D0017
T_EVJLZFFL,D0019
T_UM2LHGCS,D0005
T_5XLK8WRU,D0042
T_IX7IB5N2,D0046
T_63N2QB6G,D0049
T_WHWHY4H3,D0052
T_YAZBCGJC,D0024
T_OLOEAZC0,D0059
T_KYVK7N3B,D0047
T_2T8FY620,D0055
T_EAVT8K06,D0054
T_FH4GG244,D0041
T_KCD0RLEX,D0057
T_RLXYFU38,D0050
T_0P4E05QM,D0011
T_CK36H0W0,D0001
T_U1HBJ6TX,D0057
T_0KQSOSX4,D0010
T_FFUU5F07,D0004
T_IYS2N75B,D0033
T_J0UUNNV6,D0058
T_O3M25A5P,D0017
T_GNZEI3ZR,D0010
T_OIEVES6F,D0025
T_W5038HVQ,D0038
T_U1WSGY7V,D0008
T_H4SPFDRW,D0048
T_REV361XS,D0033
T_7R1M264U,D0049
T_4K5OGZ2U,D0041
T_2ODPVJTU,D0026
T_UGUR9U1O,D0014
T_ZFHOMTZZ,D0052
T_7PCHCBN9,D0045
T_83XPHX2K,D0033
T_WYMX9DJO,D0012
T_0CDK36M8,D0029
T_UJODCK82,D0016
T_8U118QQV,D0004
T_2HZ2OMTZ,D0025
T_3C7RM6J8,D0047
T_05HHIWFD,D0000
T_TBRWR965,D0025
T_UB2RTSOY,D0033
T_YAHULWJT,D0021
T_RHZN4KGE,D0046
T_IPNF8F3G,D0046
T_RJ4BDFHJ,D0047
T_MU7JAE58,D0041
T_9KLS1QCW,D0040
T_MWU4CFIL,D0041
T_5270SQG4,D0016
T_0HOD7RB1,D0016
T_D7OI0PES,D0022
T_LR9TJQ8Z,D0040
T_5PXT6RID,D0009
T_A34MQA78,D0051
T_IANOUOF0,D0016
T_WS2WYJXT,D0011
T_DQQZRLF8,D0017
T_PADAHP2R,D0005
T_8C1CQG43,D0015
T_9I9H0DXH,D0010
T_B7SJWH55,D0040
T_A2VOI8UY,D0049
T_FDW79WCX,D0031
T_9212PGYM,D0045
T_KZGGM0J3,D0004
T_Q3TQ1S05,D0015
T_C83GY1FK,D0006
T_C4E5HRDU,D0039
T_JNVC7HR6,D0035
T_ONZ3JBCK,D0006
T_TGSIWG0O,D0043
T_X5GGOMF9,D0035
T_N1P0VUH1,D0028
T_ABKAE6A9,D0049
T_37SUUDQF,D0014
T_KUUHCLRR,D0038
T_B3N27M5P,D0047
T_VA1NKBTF,D0003
T_981UDP2F,D0047
T_ODS1EEUR,D0039
T_IC1L7DYP,D0038
T_1GM32WP7,D0048
T_D0IWF3KM,D0030
T_HTHSJR0F,D0037
T_SJCHZJQ8,D0054
T_MDK5N9SZ,D0034
T_H8UZB7KR,D0043
T_K99JCJN9,D0014
T_6XDN8WWI,D0019
T_LTHET25L,D0027
T_F77LU8EL,D0056
T_P767J2DG,D0017
T_WVIAC2E4,D0054
T_RFIO878I,D0004
T_8PWY55P1,D0020
T_7UTXZBDQ,D0034
T_BN18GP51,D0018
T_BSF3Q0E2,D0025
T_QGVZHQJY,D0046
T_EQNSN2S8,D0049
T_M55FF1BL,D0040
T_68A1ARR3,D0013
T_ROCVITWU,D0009
T_MFBUVLDD,D0018
T_YV2GQU7D,D0052
T_PTKEZJSS,D0006
T_9TD0V2ZP,D0036
T_7WR0R35I,D0007
T_WE429OMU,D0012
T_JCKT1ELO,D0012
T_MY62XRW6,D0050
T_7CSUYTAU,D0009
T_B9W4UOV5,D0002
T_D5N3KSGN,D0028
T_26FMR5LL,D0043
T_0QZSA7YV,D0006
T_XLUL6LGJ,D0007
T_FE8UDTTJ,D0015
T_L6TBB6BN,D0045
T_V4ZWL3ZY,D0008
T_2ZDLX1Q8,D0058
T_G7L4LRCE,D0049
T_USOZDUCK,D0015
T_T9NM3V2P,D0015
T_Y0Z4EVLD,D0004
T_YV3LXCHF,D0042
T_TOUHYLU6,D0058
T_UWS44C68,D0007
T_5IZOLNNT,D0012
T_4MPK5EAX,D0027
T_E346Z7WQ,D0022
T_PAR0ZJ7U,D0030
T_ERYF0992,D0056
T_IWXYYTUW,D0030
T_6ULM9KGZ,D0050
T_CRGB93WK,D0054
T_JWJJ0V60,D0016
T_IGSB98V3,D0015
T_0GU4BJ3B,D0030
T_7IYOJTPK,D0020
T_8DTM4VXJ,D0041
T_QYIY1SY9,D0000
T_ADDQHKGA,D0057
T_8WZE4EX6,D0044
T_KXCQ91YY,D0049
T_1NLC8JPR,D0011
T_DTPWDPJB,D0001
T_FX7XJZ6U,D0027
T_03CINY2E,D0043
T_B9XN4M41,D0035
T_XKODYR5P,D0001
T_IN2XR838,D0021
T_BE3YQY5F,D0047
T_XQ7BZEGB,D0039
T_V3DR2H2P,D0007
T_TL8HBGCJ,D0023
T_P7BD4W1A,D0011
T_ZVKY2REF,D0015
T_YVZWD3KP,D0033
T_N1TH1XJG,D0011
T_7BNHJW6Q,D0011
T_BSCIQUP0,D0020
T_IOH6CVBP,D0011
T_EZW9HEYC,D0026
T_M5V2WWG8,D0054
T_5HRQAP5I,D0009
T_6PB90SPO,D0031
T_UA08EKXD,D0045
T_UV9QEZG5,D0004
T_YTK1ZWUH,D0047
T_S6NBNQBN,D0045
T_EMTX015Z,D0022
T_SPBNQS3Q,D0028
T_2837C6QC,D0006
T_EFFH8AOY,D0026
T_XKC5I8XO,D0037
T_TTQU6L2I,D0009
T_QF7ZK94Y,D0015
T_9UPNHZX9,D0010
T_EA7187F8,D0041
T_RK79UFU6,D0030
T_FTLO4QDB,D0014
T_1HD4Y89O,D0032
T_YOZPNAML,D0013
T_P92K38P6,D0005
T_K9SM7VNA,D0011
T_Z1EGNTB3,D0035
T_I2FKXWEX,D0058
T_IEJ9C0UU,D0052
T_SU4FCL5E,D0026
T_8BKXCGW1,D0020
T_3YKYYDU3,D0023
T_O7FHS32U,D0045
T_1EQC37RL,D0033
T_GK0EEYYL,D0044
T_EARPHBXV,D0004
T_ADEVVHYB,D0022
T_42WSC31T,D0057
T_A0774RZG,D0053
T_PSO1LQSR,D0046
T_LEKVL9PT,D0054
T_4RYG9RDP,D0009
T_Z906GNHH,D0014
T_0KZUJ2XO,D0031
T_FQERI7B0,D0001
T_VLKW1XSR,D0031
T_JM4T8BP6,D0028
T_BU4KZREZ,D0043
T_TTQUFCJV,D0020
T_VEN3V1WN,D0022
T_IILDY5EG,D0042
T_U6JZV9NO,D0044
T_MS1MWNPR,D0013
T_B9OI0D4D,D0051
T_PMC3SKXL,D0032
T_1GAZ5UH8,D0059
T_34670CHQ,D0026
T_3CHO3XJV,D0012
T_2LR9P6HJ,D0035
T_48RA4DV5,D0042
T_D70FE07S,D0031
T_IE3LVO0I,D0011
T_PJVRN8LP,D0023
T_NLX6B02B,D0035
T_XZ6YTIPA,D0005
T_1K4FPL3X,D0052
T_QO4Z533Z,D0038
T_TLZ1XGPX,D0019
T_CFS8314Y,D0030
T_EGVLKDNO,D0001
T_UWIDQJ4B,D0009
T_GUAS173R,D0055
T_J0NPHH30,D0050
T_KJW6NYQA,D0025
T_ZZ0JDCLI,D0051
T_0BJWKON8,D0016
T_RMQDZPJL,D0047
T_P6J37SPF,D0035
T_X2BFIBJZ,D0028
T_UQEZFMHK,D0036
T_VV8SUOC1,D0018
T_OV84FC3X,D0042
T_8X8L008U,D0018
T_BC8NOG85,D0024
T_K1XERP3L,D0042
T_NHQNJVDP,D0040
T_BMQIYFRW,D0027
T_2K9YKIPU,D0006
T_OQZ3MV1A,D0050
T_OC5KVQYW,D0011
T_9JYPAOAX,D0047
T_RW9MYYOK,D0007
T_ZGARFI44,D0049
T_RAFFZ8Q4,D0036
T_BAWZ940V,D0031
T_S0765ICA,D0017
T_PRR7MZAK,D0014
T_VY74ZQ50,D0041
T_224WK0YE,D0006
T_7RIU9MJY,D0051
T_PWEIJMMB,D0054
T_SYZ7PQ4D,D0050
T_3BDW56FK,D0046
T_FN3EH81A,D0018
T_DN1MXF1P,D0058
T_Q42NBFA3,D0020
T_FC1XX6CW,D0026
T_YTK06AKT,D0041
T_T2XZ52OH,D0021
T_Z5STHSLM,D0056
T_VI109DCN,D0003
T_7QUAMI0U,D0014
T_K2ZYZSIL,D0006
T_PODPEHCY,D0049
T_JRPP7R93,D0045
T_8STZQBFU,D0054
T_EUBFN9KR,D0026
T_66H3REM5,D0036
T_MN44EEW1,D0020
T_WWN6MBYP,D0045
T_W1LXXD8T,D0012
T_SAXT8JH3,D0005
T_VOB5APO4,D0007
T_GFJDLOGW,D0003
T_DF6J76BI,D0032
T_NECQOROI,D0037
T_IT2KODWH,D0010
T_TP6QAQ3K,D0059
T_JJY94H4K,D0004
T_OEFUKPV8,D0016
T_QI9MQVAY,D0030
T_AGUZROC5,D0057
T_YYM33MG1,D0029
T_GA01YZG3,D0031
T_K6ZHH3O5,D0035
T_0YVGV0E7,D0050
T_4A8YWY5A,D0027
T_JYQN15IK,D0000
T_M539IY87,D0004
T_BPA274IR,D0033
T_71W1WUDC,D0004
T_C2BVPDCB,D0039
T_IVXAN25W,D0033
T_GDVC2GUW,D0046
T_GEBEVSXM,D0009
T_VK8SXFI3,D0022
T_62MYZ9VL,D0019
T_FQ2BHAII,D0047
T_L0HG9NCB,D0012
T_6M9HKHJG,D0012
T_46AYN2D7,D0051
T_GS2WPZE5,D0034
T_NV9IBWGT,D0003
T_KESVR022,D0024
T_XSRQLNZZ,D0025
T_2XH6QIHP,D0016
T_EDQMVQWP,D0051
T_JAPJC6KS,D0059
T_EMTMYJ01,D0038
T_106AK32O,D0000
T_S1FOI0RS,D0052
T_2LG1ZHQU,D0019
T_RXMIP11Y,D0036
T_7F8LWVV5,D0004
T_GDUQ6DDT,D0001
T_C8KIXCCS,D0010
T_TRC85EHP,D0038
T_VSYJAFCO,D0058
T_RQBDX7M4,D0052
T_GI60Q6GU,D0056
T_JWK6Z0HR,D0023
T_D1LQJSQC,D0021
T_4OAE7L0R,D0015
T_F34GADKT,D0048
T_JPGZ6TPB,D0042
T_6OLBA117,D0005
T_BA3YC8D4,D0026
T_3LWW7OPI,D0000
T_LOQC3XNC,D0031
T_T94G8V9Z,D0011
T_5L4RMVVN,D0037
T_IW6L01WC,D0009
T_XI09P5EL,D0050
T_31I0MHB7,D0055
T_LPA5CGWF,D0037
T_2HSPQFHP,D0036
T_H5R8MNQP,D0052
T_AN417VF0,D0029
T_URLZH6A5,D0025
T_78NRXVOB,D0010
T_PJ60SRYZ,D0015
T_B3WYZXJQ,D0038
T_4A1X7OV6,D0010
T_JK8XNLO5,D0040
T_23JH0ZAG,D0049
T_SX0GNZHG,D0052
T_H03G95P6,D0018
T_ECBIR1AJ,D0006
T_2NS8JR1V,D0052
T_XNCMLDQZ,D0038
T_T81IQY5S,D0052
T_W580YIR0,D0059
T_9460KHFS,D0008
T_D399Q68R,D0010
T_ZD9B7LNK,D0007
T_7WR2LIU7,D0058
T_0NXU43IE,D0047
T_G7UELN0L,D0027
T_NY2SVHOT,D0053
T_YFK043BL,D0054
T_R3RZN9L3,D0047
T_5GRO9X49,D0043
T_1OTKZH4O,D0054
T_KXUPR6H2,D0046
T_D24N9YGC,D0003
T_XV8WOBIR,D0047
T_Y2X15XJX,D0005
T_X6IV9RYD,D0041
T_KELZ5TOZ,D0031
T_4T3X1HXE,D0035
T_LBUXDJ1D,D0034
T_9XIB86KT,D0020
T_9MTHD3IG,D0038
T_VJ0PTJXF,D0027
T_TC09ZGNX,D0026
T_L2N8IJTY,D0005
T_MJ5IAN8N,D0033
T_L3RTZ5TV,D0048
T_M08TV4RE,D0009
T_FUJ7XN1Y,D0028
T_QK8SZ7IW,D0049
T_DC08FC0T,D0043
T_0RS95ZOW,D0027
T_0I0835TV,D0059
T_SIC4S8PN,D0058
T_344KRJAW,D0032
T_BQWRMWLM,D0022
T_PHT6O6A1,D0023
T_PG3DP4FM,D0012
T_KEPLBX88,D0031
T_2ZL15S74,D0050
T_FS1IYM90,D0031
T_PW0GKEJZ,D0030
T_3ZSG9VWI,D0012
T_PWDBOLWI,D0032
T_BDN7ZI6G,D0018
T_6DG8NKDA,D0023
T_N2TNXHN5,D0002
T_53GQD7WK,D0046
T_EPZ614UM,D0004
T_S82GJ8K8,D0052
T_Y58F1N2O,D0010
T_VA7SSZJ4,D0007
T_BIBF57J2,D0034
T_XW8L85JE,D0003
T_AM0KJAX5,D0046
T_NX5WT3HJ,D0028
T_0N6DGG5G,D0018
T_FGOVCCI6,D0033
T_1ADNDA37,D0009
T_A88D0MZH,D0052
T_LFCYWE3D,D0009
T_IINMK7YY,D0010
T_D8MWE776,D0033
T_GP6YWK5J,D0051
T_22592FFQ,D0007
T_8KD9GNLP,D0050
T_E77NTTRT,D0045
T_UY0ZIA9A,D0003
T_M42FQ4T7,D0003
T_EZF0ZPBD,D0055
T_FFIA3O1Q,D0019
T_0PXAECXV,D0025
T_Y5T37SZP,D0024
T_HWHG0U43,D0041
T_NBNPJDN2,D0010
T_CV1LTWBJ,D0036
T_BL7AMKOH,D0044
T_L6SS1A2R,D0010
T_Q5DZ53X1,D0046
T_S1QEKW7B,D0013
T_CFWR2F5T,D0006
T_GKCUMCZQ,D0041
T_78RNKOWY,D0020
T_YSJ5YWX0,D0009
T_KFOCNQDQ,D0005
T_D8OPOCMV,D0017
T_T8FHU91C,D0013
T_58YJWDCO,D0033
T_6GB6P8KH,D0034
T_FZMYOA2V,D0009
T_9700LFQF,D0026
T_0974WXUB,D0044
T_FNM88UA3,D0052
T_ZXQOMTS1,D0027
T_TFPKXYWZ,D0051
T_DA7D0WTW,D0018
T_H1TE48M2,D0023
T_SJXL66YA,D0001
T_N33VM89I,D0041
T_B7P7O0OL,D0045
T_SW24WJT8,D0027
T_1FWT9UA0,D0015
T_HG403NJB,D0001
T_5D7EFJGC,D0006
T_AC8CYNL6,D0000
T_XW4EMM9V,D0016
T_GBASF5EH,D0046
T_JR8MTK0R,D0016
T_Y5KOV1L2,D0056
T_VJLDNHM6,D0056
T_JOV58TOE,D0022
T_HNFLAYZH,D0035
T_KHHUZ83Y,D0048
T_3HBRBJEQ,D0015
T_KX496K4O,D0021
T_CD20J1OU,D0025
T_9RX647DI,D0020
T_0ID033TA,D0056
T_D8CLW3JG,D0008
T_FV46WYSI,D0020
T_RD1ZM4IX,D0031
T_AH3GDHVS,D0029
T_4DE7NQWH,D0027
T_L5XF50I6,D0042
T_METMHOPM,D0003
T_0PKOVTRP,D0014
T_6UITJ5ZO,D0052
T_JH2MKV0D,D0047
T_6ILCG6FA,D0011
T_CY4V8URI,D0043
T_IS11D2MR,D0042
T_NAMZ6146,D0043
T_XFOH9MBU,D0013
T_G8W85Y6Q,D0016
T_MLV8JGUZ,D0050
T_82K8RYQF,D0042
T_RCKQH3ER,D0053
T_JMK4X1FD,D0037
T_KB7IYNO6,D0019
T_P52F1JOH,D0059
T_TN5PEPL7,D0027
T_8Q6A1DF6,D0023
T_TUK1OOA3,D0005
T_3XMDKRLC,D0045
T_HF0RIY4K,D0039
T_EAVEDHR3,D0019
T_934T3Y4W,D0009
T_XG0TRKY8,D0024
T_DPPBQUAK,D0002
T_8Q0J9M4S,D0032
T_XMZMZ2K1,D0058
T_R8VGZSXJ,D0022
T_3CB0IXRY,D0050
T_6G61PCWE,D0048
T_WBGDQEWU,D0043
T_HF33GUWY,D0023
T_U5MY80TG,D0022
T_642PW5UE,D0031
T_VLI77JZC,D0034
T_47SOCZDQ,D0001
T_PH5CH3L1,D0031
T_86Z1B98V,D0030
T_0DRIMR25,D0049
T_HVNYARNN,D0008
T_EW6MM7ID,D0048
T_2U9AZ3CE,D0022
T_69EOXXC7,D0028
T_72KXSJZS,D0039
T_C64SKTE0,D0044
T_18A4JVK8,D0031
T_NPINXTXB,D0048
T_763V1M3P,D0035
T_7K9TPZ1J,D0059
T_6KYJ91KU,D0017
T_23VEULJG,D0029
T_R4HC7JVL,D0049
T_JRIG5XIX,D0037
T_TI899A44,D0015
T_CPSILN3O,D0001
T_2MOXQ9WF,D0001
T_HLZ02Z7N,D0048
T_889U9W0T,D0038
T_SPJ4KII1,D0047
T_I05NMS6X,D0014
T_3ET1OVEJ,D0005
T_SFR5HGQG,D0059
T_D54AGCST,D0008
T_UZE66VW9,D0058
T_Q4KREG16,D0057
T_VYQLG0K1,D0003
T_6U4PLLGF,D0033
T_5LMFKRIG,D0048
T_IKDTSGVB,D0000
T_3NK8PQEQ,D0056
T_J590EMC2,D0032
T_Q0YCY6BD,D0012
T_X5BWAEN7,D0009
T_GREWDS0H,D0039
T_GPJNVWRX,D0056
T_R2OMRDE5,D0028
T_XEQLEZZ1,D0026
T_BJH4OULY,D0025
T_BRHWBQH5,D0039
T_VA02DZ61,D0013
T_HFT4I26L,D0002
T_1SS2BKAW,D0047
T_2XE0JDCZ,D0000
T_T7DVO342,D0017
T_D8UNPIOK,D0015
T_9081ZQUA,D0030
T_XL39DG5R,D0039
T_S41CRO04,D0026
T_JHURR8IQ,D0046
T_DZN1F0FP,D0031
T_2R0TOKPK,D0020
T_NXFSHWZS,D0059
T_097FZRLG,D0044
T_YTLCQFMU,D0017
T_6P0N17UX,D0006
T_KJD2V1L1,D0055
T_6HAIH7WF,D0004
T_E3PQK1IO,D0019
T_LCVHFWJF,D0044
T_YUPMANQY,D0035
T_7NG0APSA,D0058
T_7VBJRBZJ,D0055
T_QVQG0XTD,D0009
T_G4C4EPZL,D0041
T_A44LZ6V7,D0053
T_C3S0DPJH,D0047
T_LUEQ4D7D,D0005
T_V812HNC0,D0048
T_LNKKUO4J,D0044
T_DMN1S3YG,D0009
T_HZM32HZS,D0032
T_JQBEXGFV,D0037
T_LDM6FRM6,D0010
T_GA3QUPO4,D0021
T_OB7I77DP,D0037
T_S7587H91,D0005
T_12QFAF5K,D0027
T_IY4NRMQY,D0024
T_Z1DE1E16,D0025
T_MY8A5GIN,D0038
T_6XEGHPMX,D0024
T_RJ8GOSD3,D0055
T_3FESYAXY,D0027
T_WV2QNRMT,D0034
T_5CA8ZJSW,D0029
T_ERN6YJMK,D0011
T_PQKBE0TO,D0008
T_WPJ8YI34,D0029
T_LBV03DS0,D0025
T_8JX54PEG,D0032
T_2YBUH7JY,D0002
T_6YJOAOEJ,D0014
T_ZHW0VQPV,D0000
T_MPQ0HZYJ,D0040
T_9C0TK1QQ,D0039
T_P9A9URI7,D0006
T_HDK5199T,D0057
T_LND581LT,D0048
T_3Q7GKTMQ,D0037
T_9OWWEW9V,D0039
T_UQDN05XT,D0023
T_IQZHECBU,D0015
T_9SEVL7FQ,D0002
T_OSQN285T,D0034
T_P3C330BO,D0050
T_FJ31EGOM,D0016
T_XC6RIJKQ,D0017
T_1FKHNNK8,D0045
T_K0ZFKNWB,D0037
T_NS5SR69X,D0033
T_5RGSG6A8,D0014
T_V0EHRUWA,D0047
T_XODLCTT0,D0036
T_I2G74IZG,D0017
T_G3C6SCIV,D0034
T_B2CRPRDV,D0000
T_5E51H3WQ,D0017
T_GSS8K5IJ,D0028
T_8RL9QFCP,D0040
T_3GDILK1Q,D0036
T_LGOGFXLS,D0049
T_IJ74NL03,D0036
T_P1O8M291,D0042
T_KNL2LUHH,D0004
T_LRZQ8BXY,D0017
T_NDXJN7DE,D0026
T_5VUUPLTX,D0001
T_15Z08N10,D0014
T_LYZJ0AEO,D0053
T_6SAPBS22,D0040
T_CDUEFS4U,D0049
T_3Q69FLGU,D0025
T_A3AIPJIY,D0042
T_376ZUGFL,D0054
T_EMC57XHF,D0049
T_E6P4NP00,D0025
T_1VE8SUSF,D0038
T_9OHDSRS8,D0025
T_M84P4K9D,D0001
T_XLFIUEFZ,D0051
T_0KW3PGSF,D0056
T_2BHON4WB,D0002
T_FOT10GDM,D0007
T_94TEVWLQ,D0042
T_8YDR3UES,D0042
T_DO5DIGXL,D0033
T_J6LNF040,D0011
T_W4IOAR4G,D0028
T_WTEK17M6,D0029
T_YMSCNX8E,D0007
T_K5LP9C5S,D0009
T_HA0MVF4S,D0014
T_GFYW4I7Z,D0054
T_B8OOSPRL,D0004
T_UL7W8COF,D0050
T_PVIMI8FO,D0009
T_FJLWSS1V,D0052
T_0QC96MJ9,D0040
T_V5Y21ID9,D0015
T_X48PW5K0,D0032
T_YJMAZRVH,D0049
T_RVUV5YBD,D0006
T_IUZV3ZBX,D0055
T_73W1YAUA,D0058
T_BQ6MYM8J,D0044
T_1FU5X012,D0021
T_T28LL6DO,D0012
T_ZM3618LE,D0041
T_1TOZHDV5,D0045
T_MEN4052W,D0028
T_IF9AIZH5,D0000
T_84RPU9GG,D0036
T_90Z92JN6,D0022
T_E49ITE92,D0020
T_3IMZ93IJ,D0028
T_P8GUUCM5,D0046
T_J6AVP1EO,D0044
T_LU58FTYL,D0045
T_V1CCOFH9,D0001
T_RED8U8NO,D0011
T_MZ5RGOI9,D0048
T_J5CUYDA9,D0019
T_6U48GWGH,D0023
T_6Z5GF3BB,D0059
T_MGS6RV97,D0050
T_YCIF8R2B,D0045
T_V4DX6UZS,D0020
T_1KWONRRL,D0031
T_KYB3GD60,D0020
T_TBKG8B35,D0032
T_Z6D86ZCH,D0002
T_HY7AI339,D0058
T_BFIY5PU5,D0047
T_OA3N4G2J,D0044
T_EYCEF2CT,D0045
T_OTKUDE35,D0012
T_9QDI3G13,D0028
T_P1XS910B,D0055
T_GQ6CN8SI,D0046
T_5CITUF8C,D0034
T_Z0LB6YAA,D0007
T_1BTA3RUN,D0058
T_YWM9Q7FT,D0040
T_8NJF0PKB,D0025
T_WHO5QQ8Q,D0046
T_IZU802NQ,D0041
T_OQTQ685O,D0056
T_NSGPYNYJ,D0041
T_2HOQ5E7L,D0047
T_BDCA75LD,D0047
T_LCWL6QMG,D0057
T_FE6OUWZK,D0042
T_Q1ENNGAY,D0036
T_688U595C,D0025
T_D78HWK22,D0039
T_PG4GKS6R,D0015
T_J9MJ9XXL,D0047
T_KHQNZJNN,D0045
T_7ZTRJ67D,D0057
T_33DCNF22,D0000
T_M6CU88WL,D0003
T_H0CD8A2I,D0020
T_G3ZRZQ0V,D0032
T_GHFT9ZZC,D0010
T_4KOXHJMI,D0048
T_CR6C1PY6,D0037
T_6ZV8U0LM,D0019
T_L9GVBMQQ,D0055
T_QF1PAFL9,D0000
T_36F8HARJ,D0010
T_8TIR0P8F,D0006
T_ZVFSRHR8,D0019
T_PEEK035N,D0028
T_I8Y66W6R,D0050
T_GELW8IVI,D0030
T_L5NFLTQ6,D0028
T_G1ZN1RIA,D0035
T_JL9VT3X8,D0046
T_5SSINZ4K,D0001
T_1CQ6FWTV,D0029
T_ZQFE8E5T,D0024
T_WXOL4BKU,D0046
T_R7FDFZDM,D0021
T_RTSXOF33,D0014
T_XUB4IBHI,D0020
T_1YA1RYZT,D0013
T_RMC5S3OF,D0017
T_SFHVMLJE,D0038
T_SOGB205H,D0043
T_VKQXI64H,D0053
T_MRZZQO17,D0050
T_7CDABBAJ,D0046
T_DNX80NKX,D0019
T_Q796EW82,D0000
T_0Q5ZJAUC,D0025
T_BR3O9UBC,D0018
T_HJY8GY39,D0035
T_2Z0KDN3T,D0035
T_LXOUN91F,D0034
T_8DJE7XQT,D0032
T_9FMW04U9,D0052
T_ESBDA7XF,D0007
T_4N7S3HMO,D0040
T_FY1Z682R,D0048
T_3TD3ABEG,D0016
T_PMOZKNHP,D0039
T_Y9RMJR21,D0037
T_M8RABR6R,D0046
T_WDNMVQLT,D0039
T_AE527PSQ,D0041
T_JESGQ4BV,D0012
T_IN0XGNKI,D0014
T_38EFE9VA,D0045
T_YWDRKUPC,D0025
T_I7EADGHX,D0030
T_XUEBHK0O,D0007
T_JTK3LIRH,D0013
T_NWT2FES5,D0036
T_WOW73O1B,D0012
T_7OV50EW2,D0038
T_RCVPUZ11,D0017
T_37KTLL8S,D0035
T_VXUQDRMS,D0017
T_5VI7LIG9,D0043
T_JPX16F1K,D0034
T_HQSE0KIV,D0056
T_RIRJUTFV,D0025
T_G77Q9VJU,D0040
T_DPLFE19B,D0034
T_27YH6UAM,D0027
T_HV17MIAV,D0013
T_AFUW93EI,D0039
T_GHDILUVN,D0026
T_P0NWNTJ5,D0020
T_SNPHFC4Y,D0013
T_OIKIVQA7,D0045
T_NMNR06DJ,D0030
T_HVSTHBNB,D0039
T_BC7QK4K6,D0033
T_5WU2550K,D0015
T_8VC1J2T2,D0011
T_7IA41SAS,D0003
T_4IVN2QQZ,D0038
T_CNAQ2YOT,D0041
T_2U4OJ7G4,D0004
T_4E6NKAR1,D0055
T_1F2OF66J,D0056
T_E8IFXDNM,D0038
T_3TB94CLL,D0009
T_UCSWNQMW,D0023
T_SEPR1B20,D0059
T_LZ0WF1HW,D0002
T_8HUP3FTJ,D0010
T_JRCQ97RC,D0046
T_Q8UT60WL,D0043
T_V6IARLSR,D0037
T_5DFI25I6,D0023
T_OUKIW8X1,D0025
T_FRB7EI5R,D0025
T_II2MVV4D,D0034
T_672ZFBQB,D0043
T_ZXDFLD9C,D0050
T_O9DVWS3K,D0010
T_ZDVYB4XZ,D0019
T_ZO3I9LLI,D0005
T_5F9E0KLL,D0026
T_X7TV7HRB,D0004
T_42O3Q825,D0045
T_L6UZA28O,D0002
T_IV86ZP1W,D0021
T_R3SHLX0S,D0039
T_H10B8VK9,D0001
T_W2R576VI,D0028
T_643YUOAI,D0025
T_BC2T67A5,D0042
T_9HXKEI9U,D0012
T_PLIRD70G,D0010
T_HFD7LTTC,D0015
T_11JG1MS4,D0030
T_KC2MNG80,D0004
T_MSYG91MM,D0051
T_3HGW10C9,D0049
T_LN6BGUAX,D0047
T_85D4VUEE,D0048
T_WB4LL3K4,D0008
T_39K499NR,D0001
T_GDESVDE9,D0011
T_UCBL116C,D0034
T_TK61B7PX,D0004
T_A6B3ODF7,D0021
T_XU5WAHZG,D0026
T_SJ21GTCH,D0018
T_OV6KI4EP,D0007
T_GJEGXEYE,D0002
T_YEH8UXZ3,D0013
T_FXEN9NSJ,D0024
T_54XR8PJP,D0029
T_HDKKG1R1,D0019
T_QYJROFH6,D0031
T_9TXFJNJD,D0047
T_C8D6JI87,D0058
T_RTFA11PM,D0046
T_1J2VWY8U,D0039
T_IBMQIMI8,D0036
T_I5HO9CY9,D0047
T_DJ7O9X66,D0007
T_JV07IRJG,D0052
T_OLDU7JPM,D0044
T_09UYG3IB,D0008
T_CQWB00N1,D0044
T_6RANTY6D,D0009
T_PZFZZ5T6,D0056
T_3VXHQG4Q,D0059
T_1AONT75E,D0047
T_8ER6U0ES,D0015
T_SV5ITMTJ,D0002
T_4H2HWSWC,D0047
T_QY9MBAAX,D0020
T_0WCYR2P6,D0047
T_Z9LY2SKK,D0038
T_TKS1F3KW,D0002
T_QBBX5NWD,D0009
T_UIFJILXN,D0046
T_ZWBHO4UW,D0049
T_7GCJBEO4,D0047
T_WJ4G8R7S,D0041
T_JFCZWKGU,D0019
T_IPZN0THL,D0055
T_O8WF8NK5,D0043
T_TGG50YQL,D0036
T_S710NUSG,D0008
T_3CYBYC4I,D0012
T_JLZOHFDD,D0046
T_EB9IDYRE,D0056
T_BCD11R89,D0049
T_56AG39BD,D0008
T_SAYMWR03,D0056
T_HN2ECLCE,D0006
T_IOR4V1OG,D0038
T_CQMPD7Z4,D0026
T_3W2MROP2,D0047
T_2ABG9SHO,D0024
T_QL0DGH6M,D0011
T_DWR1XFHS,D0015
T_T292MI56,D0026
T_IN0BYQYV,D0037
T_2KGA99UF,D0040
T_W35X3X10,D0056
T_F2UWUFUK,D0039
T_HGGG23KF,D0035
T_WAUFXQP6,D0013
T_70SHYVNI,D0057
T_A3KAMOX9,D0027
T_T4FVMYPJ,D0024
T_W7HU3D35,D0036
T_1JGJTI2L,D0053
T_1AYSV6O9,D0012
T_Y3M84BCT,D0018
T_C0BOGWHU,D0009
T_NWJ6PVOC,D0025
T_OEEA20RW,D0010
T_7C1A7YJ8,D0005
T_8LZGM8DT,D0054
T_FDVAE1IS,D0031
T_9NGQ6TLV,D0020
T_5KB3PKBQ,D0030
T_760RS6C4,D0034
T_DGS9GT0R,D0014
T_5I3IEST9,D0036
T_8A2VZPY9,D0055
T_6S34A1NF,D0014
T_LF9YXAM9,D0036
T_CX7CULOQ,D0037
T_YIWT258E,D0038
T_I4PZZJ8X,D0054
T_SWXKQTQ3,D0022
T_ITQRT8G7,D0039
T_W9RTNFW6,D0020
T_H9BXLSOG,D0003
T_5X51O0LQ,D0017
T_G04JGSQO,D0011
T_WETUJO55,D0021
T_JY6G107G,D0036
T_8HZMVYD4,D0045
T_N8RJN4LV,D0014
T_LW563C36,D0012
T_ZUJB4HLL,D0012
T_0N53R4SI,D0001
T_8F52K1D1,D0033
T_VRC0ERJE,D0054
T_O67U61O8,D0026
T_QPKGRMM0,D0021
T_PN524KSK,D0051
T_9A7ABFLX,D0015
T_55325CAM,D0040
T_0YKKSWNW,D0054
T_HQWP8XFA,D0045
T_NH8S2GT3,D0008
T_F4AKDNAD,D0010
T_TMT1OZXG,D0029
T_0NWRN57L,D0047
T_6T0OTGPE,D0043
T_PZHUUG4B,D0036
T_HOGDPL4C,D0009
T_FXZIU6HU,D0031
T_Q0RFOIAL,D0039
T_E6V4UAUP,D0042
T_QSRER6LU,D0008
T_31D2O25T,D0048
T_V75SSUMH,D0032
T_IT72723B,D0059
T_CU2LQM58,D0001
T_XG770XDH,D0003
T_HAOQHVD8,D0009
T_EF578O1F,D0007
T_D6BWBEM0,D0012
T_0HKGNHAG,D0006
T_2GDAUOS7,D0020
T_VNA3G49M,D0047
T_2HYVEZRA,D0009
T_PMLNL7HA,D0009
T_BEWRUKFW,D0027
T_AIEKX6MJ,D0044
T_KIEW6OR6,D0057
T_WNV2MK48,D0053
T_QABCE2EH,D0014
T_O1DFSTS3,D0009
T_5DMCDSOD,D0005
T_5NTJK2GZ,D0011
T_4YQZVRHU,D0025
T_37746PFM,D0044
T_ACJOD8WA,D0028
T_XEJAXVT7,D0054
T_ZULYZLGJ,D0019
T_VR62TRIC,D0007
T_NUKONDHK,D0017
T_31PHYSVK,D0028
T_C3J548FH,D0054
T_DBFXA2WD,D0015
T_ZWSS9V66,D0046
T_SVKXB3CT,D0034
T_1Q5MS7UP,D0034
T_3JBRRD44,D0038
T_1Y7SR3JF,D0009
T_1U97RWJV,D0057
T_2PMB6XGK,D0014
T_ND7U4XXG,D0044
T_4NTZ7PJS,D0009
T_DF9M13OT,D0050
T_JOZIBP9O,D0038
T_PWCKH3V1,D0048
T_395ZDHZ6,D0058
T_UDL3AF6K,D0007
T_PX5ZJ2O4,D0004
T_EJT1WT80,D0009
T_CJS924W7,D0027
T_T2I9OWP7,D0057
T_LV92BEEV,D0015
T_NZMCCYC3,D0013
T_I9XDULVN,D0041
T_KETUGKNN,D0027
T_OLPF37L5,D0034
T_U2LLH22B,D0051
T_NEW1MKDW,D0059
T_ZYFGGK82,D0042
T_O1WODGZD,D0034
T_X9A6TDV9,D0008
T_CU5M767J,D0054
T_3C07BTI1,D0022
T_05TQM3G9,D0008
T_U1S5N18B,D0019
T_KQ054CFG,D0049
T_10R709Q6,D0042
T_X0RB5TNG,D0045
T_T2C283JZ,D0050
T_ZSFWI45A,D0004
T_ORK64MGJ,D0016
T_3HTNCVHZ,D0043
T_60LXET8S,D0024
T_UPVSF5YC,D0037
T_4D4YJI35,D0024
T_GEHUIQSI,D0041
T_RO37U9SS,D0059
T_FBEGGACS,D0002
T_SWYU2RNA,D0023
T_DC06KLI7,D0017
T_14XHL5V3,D0012
T_9Q16A3KL,D0053
T_AYP9YPDA,D0055
T_D49IK3TD,D0049
T_BWNUHPHT,D0039
T_NQAIPT6U,D0004
T_NVGQCQNY,D0008
T_Z9Q8SU5N,D0054
T_76NFCQML,D0029
T_D0RNGCT2,D0005
T_V7PGF7MV,D0046
T_6DTYN4BP,D0009
T_5RAU7BWH,D0017
T_G3K59S7V,D0003
T_S83GYZIE,D0059
T_1AC27X1C,D0039
T_Q39XLP0B,D0052
T_HBCPLA8J,D0036
T_ULK3FUQV,D0008
T_KQE4DWZ7,D0051
T_H11BLF1X,D0029
T_H52MJ13M,D0003
T_JTBPGT99,D0012
T_8LI72W4O,D0021
T_37ZOQMC8,D0046
T_VTL1DRZ0,D0056
T_89QSNVYF,D0024
T_ZGAZNI37,D0011
T_CEPL2U5C,D0058
T_LM576M2Y,D0056
T_BK8R1Z4Q,D0047
T_NBI1CAO8,D0000
T_6EJEBHBW,D0004
T_W689MW68,D0043
T_FNCC8UUX,D0003
T_NPJ269SY,D0012
T_KU8NIARN,D0020
T_FMAR9LEO,D0016
T_CG8ZF2L4,D0002
T_64BIW8UO,D0056
T_DOHE7KY8,D0048
T_U9Q44DVV,D0002
T_IY525FNS,D0056
T_VAQDMFZT,D0010
T_20GM62S6,D0006
T_1SHNTCVL,D0045
T_NSZ117R1,D0035
T_7SU62J8L,D0008
T_1FBTWTW4,D0016
T_K9X0740C,D0038
T_ZY00EW9J,D0054
T_PM7ZDNG6,D0026
T_BJHY3M2I,D0022
T_VVI1YX9D,D0019
T_V4F0TE2J,D0004
T_OFC57PAC,D0053
T_Q16NZ7DS,D0019
T_22KB8OHL,D0026
T_KVGG4NP4,D0013
T_X707TLYD,D0056
T_08VYDWOX,D0038
T_NHU25Z8K,D0042
T_TIJH33IC,D0025
T_9J52OYYR,D0045
T_2J16W8MI,D0025
T_01N3P6EG,D0044
T_U777LDM1,D0036
T_KQE7A5JI,D0017
T_E3BYJTH2,D0019
T_5H3QOXQD,D0034
T_0RTMG7C0,D0020
T_N8K6P62J,D0007
T_XFX3AT25,D0029
T_UOLGQE6X,D0052
T_TA7LS9B7,D0008
T_GQ4HPVIU,D0033
T_YRFBENMZ,D0058
T_VG042MZ8,D0009
T_X1PZGSVA,D0044
T_2HMEPDMB,D0029
T_GV2ESF4N,D0009
T_M43T6UU8,D0050
T_PZJ42RL1,D0044
T_87SW1K9M,D0045
T_9WG0MCG5,D0023
T_6I62R2CX,D0043
T_J3AYIUKE,D0056
T_HNOC2XI3,D0004
T_JRNJCGWC,D0004
T_7MPA7DZV,D0035
T_2C23AG9X,D0008
T_DL7U1P8O,D0002
T_RCP6I29G,D0048
T_8Z8TRTM4,D0044
T_ED1LG8Y2,D0007
T_FVMAM3JK,D0000
T_APUOLXPO,D0059
T_7PH6P9JL,D0020
T_QB09UW8P,D0022
T_ZIHZVZGM,D0026
T_PICLKS44,D0022
T_OPKLJ670,D0050
T_WO7V1IZ4,D0014
T_JOA14ZGI,D0008
T_R79YT1S4,D0006
T_1QCG41RK,D0018
T_2NRV4EIB,D0024
T_FVU3F0ME,D0054
T_MZOLMYQA,D0039
T_JMKJLNDI,D0056
T_6GO70BIL,D0013
T_AIQUSY2O,D0035
T_9XZ6UK18,D0042
T_6CJ9K4CI,D0010
T_U7PMQM57,D0033
T_2AALUDHA,D0026
T_CYYPQ7A4,D0039
T_3I0GXHC6,D0049
T_RIHZ8EEK,D0051
T_AQFF2K5C,D0042
T_Q1D7XYLJ,D0059
T_NXI5P2QF,D0009
T_B82MOTZ6,D0031
T_GU72DD9E,D0015
T_9T30B69C,D0044
T_WIFD8WZG,D0006
T_680IUGA4,D0011
T_L3VX4GH0,D0018
T_P6ASSSUL,D0000
T_WNSMW5GY,D0057
T_PXF50OJQ,D0010
T_UACOTFVA,D0037
T_C781HFL1,D0027
T_Y3XGWK1G,D0042
T_SXTDHDX1,D0034
T_I4CXGF8G,D0042
T_ENFPPRO6,D0033
T_UCLLE4A2,D0028
T_R3S18WK5,D0027
T_HXEF73GG,D0018
T_JH9KRS51,D0030
T_Q3OV9JYD,D0047
T_C5PAYGAA,D0021
T_O5AWLGIT,D0035
T_74WXUWCO,D0048
T_II49H5VN,D0052
T_6CMEWT33,D0006
T_T8D9GX2H,D0006
T_40I6QV4T,D0057
T_NXPWNUA6,D0052
T_1WQQOQSD,D0054
T_IYMR0AZ0,D0044
T_T1WM3EQL,D0021
T_VYWAPKE5,D0030
T_WP9K1UOA,D0019
T_JMWUOCS2,D0026
T_KQ7MOU3D,D0001
T_L2FX35LG,D0025
T_BOT6ATJ4,D0000
T_TT52LK3T,D0053
T_9TO5A7QN,D0002
T_Z1OV5VXA,D0018
T_JU39X6KQ,D0058
T_EQOXBE1P,D0014
T_EVBRX8U7,D0016
T_7N2ELMV5,D0011
T_7GVLHWXP,D0016
T_6KK2NIPG,D0016
T_8K0HF36C,D0005
T_GD572I2F,D0005
T_1TTIMLYT,D0005
T_G4F4DESR,D0005
T_WNVJQJIN,D0054
T_504K34EU,D0054
T_J4VBISBH,D0054
T_2YIX79PB,D0051
T_RRA3PLCG,D0011
T_3HLI32BS,D0011
T_RK5R0PNF,D0019
T_I3EVJN2J,D0011
T_U2YETTRU,D0043
T_VXKKXO0S,D0057
T_4WQNG6N1,D0034
T_S804BFPV,D0034
T_XWCETGV4,D0034
T_LUK87322,D0010
