transactionID,dstAccountID
T_EWAOUAXE,A00117
T_QM5K8P4Q,A00027
T_2X18HAFE,A00008
T_1GV0E38D,A00032
T_OZCYWD14,A00048
T_TXCXAPRP,A00044
T_08J3TRP0,A00022
T_IQVNB4GH,A00057
T_5USGIOTI,A00089
T_KOIXNTM9,A00011
T_JEGET1GH,A00039
T_3KMKZEBB,A00012
T_DAKRM8J5,A00062
T_WBFUK9E1,A00073
T_QP49KWV0,A00048
T_CITFOYQB,A00084
T_Y72WX7PT,A00009
T_2V37PQKO,A00021
T_BPLJD84U,A00076
T_GSPK9P38,A00096
T_4LYK83TQ,A00013
T_S9XTOGN1,A00110
T_7PZE9VIF,A00016
T_6QE3RZSJ,A00107
T_N7S55J2O,A00018
T_04UX5QRL,A00036
T_GZUI1B0Z,A00111
T_9RBSV55P,A00083
T_58C2JWOC,A00052
T_5RTWIYKI,A00091
T_PY6B2KNF,A00012
T_GVNYRUIW,A00021
T_TC89K8YQ,A00086
T_UU9K9XJU,A00048
T_6K2VMWWY,A00106
T_XLPU0DK0,A00080
T_SJF678K5,A00067
T_40982N2A,A00028
T_JNWNYQW7,A00086
T_36KOF8KR,A00081
T_Y08P0FOD,A00047
T_HQIN9N6X,A00047
T_QXXVA2IE,A00105
T_3I12VJ99,A00027
T_EM2VAJEP,A00003
T_SDS8B25S,A00046
T_PDZP6LFE,A00051
T_9TQVDZ4X,A00048
T_O3O0LLJ8,A00029
T_DD03UVUL,A00010
T_6BKLDSFR,A00111
T_KIPU1WYU,A00097
T_17MGFXC0,A00089
T_PMNZ1UDB,A00048
T_PPVOHSMD,A00034
T_BOVAKHEJ,A00039
T_ETIUYMO0,A00022
T_POXKO8G8,A00073
T_IVSOLMLG,A00013
T_1M8XFDJG,A00115
T_QUUY5X9L,A00063
T_PKJCSLQC,A00060
T_WSQT26Q3,A00011
T_8Q349DXB,A00019
T_N7N1YBWM,A00020
T_0X65MUFM,A00032
T_LN23Y30Y,A00010
T_L8M1G9FK,A00046
T_SX5WVFGY,A00113
T_NZ8V12II,A00052
T_9QKNS832,A00073
T_N7ZSEDFQ,A00111
T_QMABSI9N,A00104
T_FB7R31QW,A00101
T_T0SEKKBP,A00019
T_RTWUZKAM,A00115
T_9CSS9TOQ,A00067
T_2M0W10LB,A00045
T_W3C1QKBH,A00061
T_RBXK5BXJ,A00069
T_8MGYN2JC,A00114
T_KDLKQZFP,A00069
T_98CWN2Y8,A00081
T_EIXN8BFQ,A00004
T_NLK8AGS6,A00067
T_K6RE4Q6Q,A00078
T_TKKFZZGN,A00008
T_ATN2TWDL,A00063
T_3C9XQYM5,A00052
T_S53SKF7I,A00055
T_H8JWWDXV,A00032
T_V4U3BBXU,A00115
T_RWK8R2YK,A00003
T_QMF5L9MO,A00061
T_QJIDKNWI,A00030
T_L1RSRLA8,A00092
T_BR5XQT4P,A00006
T_BUNKNQT3,A00051
T_N9UNFVOB,A00050
T_VSLWF90K,A00019
T_K3NY9V20,A00072
T_21UZVGWW,A00083
T_8DALFYO1,A00073
T_U9RN8QTT,A00026
T_KK791ZYR,A00031
T_UT6OM1FB,A00015
T_JRHT7ZEW,A00083
T_IIDLRYE8,A00067
T_5RH8LX6D,A00112
T_B7P47B42,A00119
T_V7MQXS6E,A00072
T_FQJG02U1,A00042
T_OD9R7ANQ,A00011
T_AXYCELOS,A00073
T_7NH8RQ9N,A00117
T_HI15CQZC,A00105
T_UFLSEHUD,A00025
T_QCQ30O30,A00053
T_TC69QKGE,A00008
T_56NYXTXM,A00057
T_9419QZPN,A00093
T_70E3P15A,A00024
T_Y5IBPT11,A00076
T_UU13I59S,A00093
T_0GYUBMXN,A00112
T_GTII4FQC,A00048
T_IHX74D0G,A00049
T_G10UR5L8,A00009
T_RIVH6T1N,A00096
T_5Q201LHL,A00065
T_TVZKHIUI,A00033
T_8XRG2GZR,A00062
T_4C3BAEWC,A00004
T_WYWRRATA,A00007
T_3Y36DDFG,A00064
T_NOU9IY4X,A00010
T_RWZC4XL9,A00070
T_55RBC76U,A00115
T_1ZOCFI4O,A00018
T_2YC0MDIC,A00017
T_BJ9RM7PY,A00041
T_ZCFZW0LD,A00031
T_DDPUSDDT,A00034
T_ND669UGN,A00052
T_GJK2N7ZR,A00008
T_8LW2LM34,A00000
T_HL88KZRU,A00088
T_N7H9G1A0,A00050
T_Y32ORWIX,A00106
T_UT75PB8Z,A00061
T_1XMXB9YO,A00013
T_H0UYHNQY,A00033
T_K7D30MM2,A00013
T_ZLK3E4XY,A00092
T_LPQ2WGXO,A00020
T_AHKZ2U2T,A00049
T_5SXVWVM4,A00085
T_EEKGYSPE,A00086
T_77GGKG4W,A00088
T_NUXORZPG,A00104
T_TGQ01TEE,A00028
T_1PHP0XI5,A00005
T_P91I3VMZ,A00011
T_32UTVG9K,A00026
T_82795E5I,A00017
T_UJOQW5DS,A00018
T_A100QXMC,A00074
T_J3MUURMY,A00063
T_A7FQ9P96,A00058
T_JXJN6FOK,A00112
T_DHCVSQAM,A00090
T_ID3DNKN3,A00009
T_VFMH07WP,A00001
T_0MP2IXIV,A00075
T_5HVGOX22,A00084
T_VT997E4U,A00081
T_VAH78OKZ,A00002
T_TWJLSH3T,A00081
T_8II7EWBX,A00093
T_ZF8S2ZGE,A00017
T_6MPSJ9WR,A00098
T_NJDU0ISB,A00021
T_7G8B2ZXI,A00049
T_NS6G298C,A00073
T_QNK20IN8,A00070
T_2F7ATWYA,A00097
T_H9P89FKB,A00013
T_Q0USWOVC,A00047
T_L2Z0LJCH,A00108
T_QLEM1QQ4,A00021
T_H4FZ8OBK,A00005
T_UTDD2EC2,A00057
T_7DV7C9HX,A00080
T_B7P0RNPM,A00059
T_BWIKOTCK,A00019
T_I9TANZR2,A00067
T_GLH62C9T,A00034
T_IT2018U9,A00084
T_3Z6BZ8UU,A00040
T_BCVARLW3,A00062
T_V71448N7,A00018
T_90PXRLZU,A00017
T_3N0KGAZU,A00075
T_78HU7F0I,A00040
T_ZX5QJICJ,A00105
T_PFO5MN32,A00093
T_4KL8CGN0,A00102
T_RB7F6FDH,A00114
T_JKIBU4FM,A00069
T_HAGKC4LO,A00061
T_G5NQJQIJ,A00049
T_T8VT43PT,A00103
T_KO4BUSU9,A00060
T_GBCYH3FV,A00103
T_T4S7AZV2,A00050
T_177UDKTM,A00074
T_RGOWYOO5,A00077
T_6A3KKRZD,A00034
T_3JPXGH30,A00099
T_CZO2SUG5,A00020
T_7ZJ3SWEB,A00006
T_VMF60YKN,A00060
T_IHXS58YR,A00082
T_J2K8XPNM,A00028
T_WVA984UV,A00105
T_X5JZ6KF1,A00035
T_FARK6O0U,A00087
T_YWR7MKGX,A00028
T_J31GYMDM,A00094
T_NVQEBWUW,A00042
T_NKB4EHOU,A00087
T_GCL9LCQH,A00091
T_2EPPPRAT,A00097
T_GYWIYMEN,A00067
T_8QSSPYE9,A00038
T_OI0E0VGN,A00103
T_1WVBD4BE,A00032
T_FZWKXXJV,A00089
T_K2RV239M,A00015
T_H7LAY64Y,A00116
T_6XQ9JB35,A00012
T_E46AEXL6,A00094
T_MEOQ4YRP,A00104
T_C7FOV2YG,A00092
T_506RR5PC,A00087
T_1UU9YMSZ,A00067
T_XF36WA7S,A00086
T_LLKSTN3C,A00062
T_QERXDOUA,A00063
T_SHY8NBIQ,A00113
T_NQDXAMW2,A00084
T_FFZZDVG7,A00114
T_1BWYE6QV,A00013
T_TPV726YG,A00006
T_5SN961J8,A00077
T_Z0KZ4Z7W,A00077
T_7EZ9GTWZ,A00044
T_ZY6T5PAD,A00085
T_1FKJ4YK1,A00034
T_050UI22K,A00086
T_LTAJW253,A00087
T_H0GQ9C80,A00077
T_EVJLZFFL,A00033
T_UM2LHGCS,A00101
T_5XLK8WRU,A00028
T_IX7IB5N2,A00057
T_63N2QB6G,A00003
T_WHWHY4H3,A00000
T_YAZBCGJC,A00095
T_OLOEAZC0,A00080
T_KYVK7N3B,A00013
T_2T8FY620,A00101
T_EAVT8K06,A00018
T_FH4GG244,A00018
T_KCD0RLEX,A00009
T_RLXYFU38,A00040
T_0P4E05QM,A00091
T_CK36H0W0,A00077
T_U1HBJ6TX,A00074
T_0KQSOSX4,A00075
T_FFUU5F07,A00065
T_IYS2N75B,A00047
T_J0UUNNV6,A00106
T_O3M25A5P,A00066
T_GNZEI3ZR,A00019
T_OIEVES6F,A00106
T_W5038HVQ,A00072
T_U1WSGY7V,A00101
T_H4SPFDRW,A00002
T_REV361XS,A00011
T_7R1M264U,A00029
T_4K5OGZ2U,A00116
T_2ODPVJTU,A00088
T_UGUR9U1O,A00100
T_ZFHOMTZZ,A00100
T_7PCHCBN9,A00060
T_83XPHX2K,A00007
T_WYMX9DJO,A00029
T_0CDK36M8,A00001
T_UJODCK82,A00051
T_8U118QQV,A00056
T_2HZ2OMTZ,A00081
T_3C7RM6J8,A00095
T_05HHIWFD,A00030
T_TBRWR965,A00109
T_UB2RTSOY,A00096
T_YAHULWJT,A00040
T_RHZN4KGE,A00023
T_IPNF8F3G,A00102
T_RJ4BDFHJ,A00100
T_MU7JAE58,A00033
T_9KLS1QCW,A00022
T_MWU4CFIL,A00118
T_5270SQG4,A00034
T_0HOD7RB1,A00089
T_D7OI0PES,A00019
T_LR9TJQ8Z,A00117
T_5PXT6RID,A00081
T_A34MQA78,A00001
T_IANOUOF0,A00076
T_WS2WYJXT,A00054
T_DQQZRLF8,A00037
T_PADAHP2R,A00091
T_8C1CQG43,A00096
T_9I9H0DXH,A00098
T_B7SJWH55,A00093
T_A2VOI8UY,A00041
T_FDW79WCX,A00031
T_9212PGYM,A00040
T_KZGGM0J3,A00071
T_Q3TQ1S05,A00019
T_C83GY1FK,A00092
T_C4E5HRDU,A00084
T_JNVC7HR6,A00075
T_ONZ3JBCK,A00113
T_TGSIWG0O,A00029
T_X5GGOMF9,A00089
T_N1P0VUH1,A00108
T_ABKAE6A9,A00050
T_37SUUDQF,A00088
T_KUUHCLRR,A00103
T_B3N27M5P,A00038
T_VA1NKBTF,A00108
T_981UDP2F,A00093
T_ODS1EEUR,A00070
T_IC1L7DYP,A00067
T_1GM32WP7,A00003
T_D0IWF3KM,A00109
T_HTHSJR0F,A00042
T_SJCHZJQ8,A00084
T_MDK5N9SZ,A00084
T_H8UZB7KR,A00023
T_K99JCJN9,A00080
T_6XDN8WWI,A00043
T_LTHET25L,A00077
T_F77LU8EL,A00098
T_P767J2DG,A00038
T_WVIAC2E4,A00072
T_RFIO878I,A00062
T_8PWY55P1,A00118
T_7UTXZBDQ,A00078
T_BN18GP51,A00094
T_BSF3Q0E2,A00117
T_QGVZHQJY,A00041
T_EQNSN2S8,A00011
T_M55FF1BL,A00116
T_68A1ARR3,A00015
T_ROCVITWU,A00084
T_MFBUVLDD,A00083
T_YV2GQU7D,A00084
T_PTKEZJSS,A00097
T_9TD0V2ZP,A00093
T_7WR0R35I,A00045
T_WE429OMU,A00059
T_JCKT1ELO,A00036
T_MY62XRW6,A00106
T_7CSUYTAU,A00052
T_B9W4UOV5,A00107
T_D5N3KSGN,A00052
T_26FMR5LL,A00003
T_0QZSA7YV,A00026
T_XLUL6LGJ,A00098
T_FE8UDTTJ,A00019
T_L6TBB6BN,A00009
T_V4ZWL3ZY,A00114
T_2ZDLX1Q8,A00104
T_G7L4LRCE,A00050
T_USOZDUCK,A00077
T_T9NM3V2P,A00031
T_Y0Z4EVLD,A00084
T_YV3LXCHF,A00013
T_TOUHYLU6,A00057
T_UWS44C68,A00011
T_5IZOLNNT,A00036
T_4MPK5EAX,A00049
T_E346Z7WQ,A00010
T_PAR0ZJ7U,A00023
T_ERYF0992,A00047
T_IWXYYTUW,A00011
T_6ULM9KGZ,A00065
T_CRGB93WK,A00033
T_JWJJ0V60,A00035
T_IGSB98V3,A00089
T_0GU4BJ3B,A00056
T_7IYOJTPK,A00096
T_8DTM4VXJ,A00087
T_QYIY1SY9,A00050
T_ADDQHKGA,A00008
T_8WZE4EX6,A00027
T_KXCQ91YY,A00032
T_1NLC8JPR,A00035
T_DTPWDPJB,A00062
T_FX7XJZ6U,A00063
T_03CINY2E,A00108
T_B9XN4M41,A00051
T_XKODYR5P,A00049
T_IN2XR838,A00075
T_BE3YQY5F,A00092
T_XQ7BZEGB,A00062
T_V3DR2H2P,A00106
T_TL8HBGCJ,A00073
T_P7BD4W1A,A00021
T_ZVKY2REF,A00011
T_YVZWD3KP,A00078
T_N1TH1XJG,A00079
T_7BNHJW6Q,A00085
T_BSCIQUP0,A00100
T_IOH6CVBP,A00012
T_EZW9HEYC,A00047
T_M5V2WWG8,A00097
T_5HRQAP5I,A00062
T_6PB90SPO,A00073
T_UA08EKXD,A00010
T_UV9QEZG5,A00109
T_YTK1ZWUH,A00114
T_S6NBNQBN,A00007
T_EMTX015Z,A00026
T_SPBNQS3Q,A00034
T_2837C6QC,A00047
T_EFFH8AOY,A00035
T_XKC5I8XO,A00094
T_TTQU6L2I,A00089
T_QF7ZK94Y,A00036
T_9UPNHZX9,A00005
T_EA7187F8,A00038
T_RK79UFU6,A00037
T_FTLO4QDB,A00005
T_1HD4Y89O,A00119
T_YOZPNAML,A00116
T_P92K38P6,A00113
T_K9SM7VNA,A00026
T_Z1EGNTB3,A00059
T_I2FKXWEX,A00059
T_IEJ9C0UU,A00082
T_SU4FCL5E,A00047
T_8BKXCGW1,A00116
T_3YKYYDU3,A00040
T_O7FHS32U,A00062
T_1EQC37RL,A00089
T_GK0EEYYL,A00043
T_EARPHBXV,A00100
T_ADEVVHYB,A00085
T_42WSC31T,A00020
T_A0774RZG,A00068
T_PSO1LQSR,A00048
T_LEKVL9PT,A00010
T_4RYG9RDP,A00114
T_Z906GNHH,A00051
T_0KZUJ2XO,A00054
T_FQERI7B0,A00035
T_VLKW1XSR,A00048
T_JM4T8BP6,A00064
T_BU4KZREZ,A00004
T_TTQUFCJV,A00084
T_VEN3V1WN,A00003
T_IILDY5EG,A00084
T_U6JZV9NO,A00054
T_MS1MWNPR,A00026
T_B9OI0D4D,A00033
T_PMC3SKXL,A00060
T_1GAZ5UH8,A00085
T_34670CHQ,A00068
T_3CHO3XJV,A00110
T_2LR9P6HJ,A00031
T_48RA4DV5,A00082
T_D70FE07S,A00113
T_IE3LVO0I,A00011
T_PJVRN8LP,A00035
T_NLX6B02B,A00091
T_XZ6YTIPA,A00039
T_1K4FPL3X,A00105
T_QO4Z533Z,A00062
T_TLZ1XGPX,A00104
T_CFS8314Y,A00073
T_EGVLKDNO,A00094
T_UWIDQJ4B,A00118
T_GUAS173R,A00047
T_J0NPHH30,A00100
T_KJW6NYQA,A00003
T_ZZ0JDCLI,A00027
T_0BJWKON8,A00090
T_RMQDZPJL,A00064
T_P6J37SPF,A00118
T_X2BFIBJZ,A00118
T_UQEZFMHK,A00090
T_VV8SUOC1,A00084
T_OV84FC3X,A00015
T_8X8L008U,A00042
T_BC8NOG85,A00102
T_K1XERP3L,A00051
T_NHQNJVDP,A00106
T_BMQIYFRW,A00011
T_2K9YKIPU,A00116
T_OQZ3MV1A,A00054
T_OC5KVQYW,A00107
T_9JYPAOAX,A00095
T_RW9MYYOK,A00092
T_ZGARFI44,A00002
T_RAFFZ8Q4,A00018
T_BAWZ940V,A00050
T_S0765ICA,A00062
T_PRR7MZAK,A00082
T_VY74ZQ50,A00028
T_224WK0YE,A00046
T_7RIU9MJY,A00053
T_PWEIJMMB,A00043
T_SYZ7PQ4D,A00111
T_3BDW56FK,A00013
T_FN3EH81A,A00012
T_DN1MXF1P,A00021
T_Q42NBFA3,A00114
T_FC1XX6CW,A00098
T_YTK06AKT,A00113
T_T2XZ52OH,A00113
T_Z5STHSLM,A00092
T_VI109DCN,A00069
T_7QUAMI0U,A00083
T_K2ZYZSIL,A00038
T_PODPEHCY,A00091
T_JRPP7R93,A00111
T_8STZQBFU,A00016
T_EUBFN9KR,A00014
T_66H3REM5,A00119
T_MN44EEW1,A00115
T_WWN6MBYP,A00102
T_W1LXXD8T,A00073
T_SAXT8JH3,A00060
T_VOB5APO4,A00068
T_GFJDLOGW,A00069
T_DF6J76BI,A00049
T_NECQOROI,A00064
T_IT2KODWH,A00012
T_TP6QAQ3K,A00031
T_JJY94H4K,A00061
T_OEFUKPV8,A00011
T_QI9MQVAY,A00090
T_AGUZROC5,A00115
T_YYM33MG1,A00104
T_GA01YZG3,A00119
T_K6ZHH3O5,A00004
T_0YVGV0E7,A00084
T_4A8YWY5A,A00024
T_JYQN15IK,A00052
T_M539IY87,A00024
T_BPA274IR,A00012
T_71W1WUDC,A00030
T_C2BVPDCB,A00016
T_IVXAN25W,A00052
T_GDVC2GUW,A00075
T_GEBEVSXM,A00056
T_VK8SXFI3,A00039
T_62MYZ9VL,A00081
T_FQ2BHAII,A00042
T_L0HG9NCB,A00104
T_6M9HKHJG,A00074
T_46AYN2D7,A00022
T_GS2WPZE5,A00084
T_NV9IBWGT,A00088
T_KESVR022,A00101
T_XSRQLNZZ,A00112
T_2XH6QIHP,A00117
T_EDQMVQWP,A00010
T_JAPJC6KS,A00040
T_EMTMYJ01,A00012
T_106AK32O,A00109
T_S1FOI0RS,A00083
T_2LG1ZHQU,A00043
T_RXMIP11Y,A00001
T_7F8LWVV5,A00004
T_GDUQ6DDT,A00049
T_C8KIXCCS,A00025
T_TRC85EHP,A00016
T_VSYJAFCO,A00039
T_RQBDX7M4,A00112
T_GI60Q6GU,A00108
T_JWK6Z0HR,A00020
T_D1LQJSQC,A00096
T_4OAE7L0R,A00051
T_F34GADKT,A00056
T_JPGZ6TPB,A00086
T_6OLBA117,A00084
T_BA3YC8D4,A00053
T_3LWW7OPI,A00013
T_LOQC3XNC,A00083
T_T94G8V9Z,A00091
T_5L4RMVVN,A00097
T_IW6L01WC,A00001
T_XI09P5EL,A00026
T_31I0MHB7,A00082
T_LPA5CGWF,A00066
T_2HSPQFHP,A00106
T_H5R8MNQP,A00081
T_AN417VF0,A00061
T_URLZH6A5,A00048
T_78NRXVOB,A00053
T_PJ60SRYZ,A00097
T_B3WYZXJQ,A00061
T_4A1X7OV6,A00084
T_JK8XNLO5,A00054
T_23JH0ZAG,A00099
T_SX0GNZHG,A00053
T_H03G95P6,A00023
T_ECBIR1AJ,A00048
T_2NS8JR1V,A00066
T_XNCMLDQZ,A00046
T_T81IQY5S,A00111
T_W580YIR0,A00002
T_9460KHFS,A00060
T_D399Q68R,A00101
T_ZD9B7LNK,A00084
T_7WR2LIU7,A00017
T_0NXU43IE,A00095
T_G7UELN0L,A00119
T_NY2SVHOT,A00098
T_YFK043BL,A00063
T_R3RZN9L3,A00073
T_5GRO9X49,A00118
T_1OTKZH4O,A00044
T_KXUPR6H2,A00090
T_D24N9YGC,A00073
T_XV8WOBIR,A00065
T_Y2X15XJX,A00099
T_X6IV9RYD,A00062
T_KELZ5TOZ,A00055
T_4T3X1HXE,A00066
T_LBUXDJ1D,A00102
T_9XIB86KT,A00054
T_9MTHD3IG,A00116
T_VJ0PTJXF,A00027
T_TC09ZGNX,A00018
T_L2N8IJTY,A00019
T_MJ5IAN8N,A00116
T_L3RTZ5TV,A00112
T_M08TV4RE,A00023
T_FUJ7XN1Y,A00016
T_QK8SZ7IW,A00102
T_DC08FC0T,A00108
T_0RS95ZOW,A00119
T_0I0835TV,A00068
T_SIC4S8PN,A00097
T_344KRJAW,A00031
T_BQWRMWLM,A00114
T_PHT6O6A1,A00012
T_PG3DP4FM,A00046
T_KEPLBX88,A00024
T_2ZL15S74,A00063
T_FS1IYM90,A00016
T_PW0GKEJZ,A00097
T_3ZSG9VWI,A00100
T_PWDBOLWI,A00018
T_BDN7ZI6G,A00082
T_6DG8NKDA,A00035
T_N2TNXHN5,A00103
T_53GQD7WK,A00116
T_EPZ614UM,A00005
T_S82GJ8K8,A00053
T_Y58F1N2O,A00063
T_VA7SSZJ4,A00027
T_BIBF57J2,A00028
T_XW8L85JE,A00000
T_AM0KJAX5,A00104
T_NX5WT3HJ,A00088
T_0N6DGG5G,A00093
T_FGOVCCI6,A00039
T_1ADNDA37,A00093
T_A88D0MZH,A00076
T_LFCYWE3D,A00039
T_IINMK7YY,A00116
T_D8MWE776,A00028
T_GP6YWK5J,A00076
T_22592FFQ,A00091
T_8KD9GNLP,A00054
T_E77NTTRT,A00042
T_UY0ZIA9A,A00067
T_M42FQ4T7,A00044
T_EZF0ZPBD,A00017
T_FFIA3O1Q,A00003
T_0PXAECXV,A00052
T_Y5T37SZP,A00054
T_HWHG0U43,A00095
T_NBNPJDN2,A00105
T_CV1LTWBJ,A00013
T_BL7AMKOH,A00061
T_L6SS1A2R,A00012
T_Q5DZ53X1,A00087
T_S1QEKW7B,A00083
T_CFWR2F5T,A00077
T_GKCUMCZQ,A00040
T_78RNKOWY,A00017
T_YSJ5YWX0,A00010
T_KFOCNQDQ,A00013
T_D8OPOCMV,A00093
T_T8FHU91C,A00004
T_58YJWDCO,A00027
T_6GB6P8KH,A00085
T_FZMYOA2V,A00100
T_9700LFQF,A00085
T_0974WXUB,A00066
T_FNM88UA3,A00099
T_ZXQOMTS1,A00015
T_TFPKXYWZ,A00022
T_DA7D0WTW,A00013
T_H1TE48M2,A00053
T_SJXL66YA,A00028
T_N33VM89I,A00101
T_B7P7O0OL,A00106
T_SW24WJT8,A00016
T_1FWT9UA0,A00080
T_HG403NJB,A00114
T_5D7EFJGC,A00074
T_AC8CYNL6,A00101
T_XW4EMM9V,A00022
T_GBASF5EH,A00015
T_JR8MTK0R,A00016
T_Y5KOV1L2,A00025
T_VJLDNHM6,A00054
T_JOV58TOE,A00065
T_HNFLAYZH,A00009
T_KHHUZ83Y,A00049
T_3HBRBJEQ,A00040
T_KX496K4O,A00002
T_CD20J1OU,A00002
T_9RX647DI,A00089
T_0ID033TA,A00088
T_D8CLW3JG,A00005
T_FV46WYSI,A00110
T_RD1ZM4IX,A00093
T_AH3GDHVS,A00027
T_4DE7NQWH,A00019
T_L5XF50I6,A00087
T_METMHOPM,A00057
T_0PKOVTRP,A00048
T_6UITJ5ZO,A00006
T_JH2MKV0D,A00088
T_6ILCG6FA,A00109
T_CY4V8URI,A00112
T_IS11D2MR,A00106
T_NAMZ6146,A00032
T_XFOH9MBU,A00093
T_G8W85Y6Q,A00011
T_MLV8JGUZ,A00086
T_82K8RYQF,A00072
T_RCKQH3ER,A00038
T_JMK4X1FD,A00006
T_KB7IYNO6,A00010
T_P52F1JOH,A00072
T_TN5PEPL7,A00059
T_8Q6A1DF6,A00053
T_TUK1OOA3,A00079
T_3XMDKRLC,A00034
T_HF0RIY4K,A00089
T_EAVEDHR3,A00025
T_934T3Y4W,A00061
T_XG0TRKY8,A00095
T_DPPBQUAK,A00102
T_8Q0J9M4S,A00045
T_XMZMZ2K1,A00022
T_R8VGZSXJ,A00082
T_3CB0IXRY,A00079
T_6G61PCWE,A00013
T_WBGDQEWU,A00077
T_HF33GUWY,A00028
T_U5MY80TG,A00052
T_642PW5UE,A00079
T_VLI77JZC,A00006
T_47SOCZDQ,A00030
T_PH5CH3L1,A00043
T_86Z1B98V,A00103
T_0DRIMR25,A00034
T_HVNYARNN,A00103
T_EW6MM7ID,A00056
T_2U9AZ3CE,A00103
T_69EOXXC7,A00083
T_72KXSJZS,A00038
T_C64SKTE0,A00035
T_18A4JVK8,A00083
T_NPINXTXB,A00110
T_763V1M3P,A00043
T_7K9TPZ1J,A00092
T_6KYJ91KU,A00016
T_23VEULJG,A00032
T_R4HC7JVL,A00045
T_JRIG5XIX,A00035
T_TI899A44,A00005
T_CPSILN3O,A00013
T_2MOXQ9WF,A00077
T_HLZ02Z7N,A00077
T_889U9W0T,A00010
T_SPJ4KII1,A00084
T_I05NMS6X,A00088
T_3ET1OVEJ,A00105
T_SFR5HGQG,A00053
T_D54AGCST,A00095
T_UZE66VW9,A00089
T_Q4KREG16,A00080
T_VYQLG0K1,A00075
T_6U4PLLGF,A00066
T_5LMFKRIG,A00073
T_IKDTSGVB,A00118
T_3NK8PQEQ,A00106
T_J590EMC2,A00063
T_Q0YCY6BD,A00035
T_X5BWAEN7,A00071
T_GREWDS0H,A00104
T_GPJNVWRX,A00090
T_R2OMRDE5,A00085
T_XEQLEZZ1,A00031
T_BJH4OULY,A00030
T_BRHWBQH5,A00116
T_VA02DZ61,A00016
T_HFT4I26L,A00068
T_1SS2BKAW,A00002
T_2XE0JDCZ,A00104
T_T7DVO342,A00106
T_D8UNPIOK,A00025
T_9081ZQUA,A00002
T_XL39DG5R,A00013
T_S41CRO04,A00060
T_JHURR8IQ,A00000
T_DZN1F0FP,A00117
T_2R0TOKPK,A00080
T_NXFSHWZS,A00113
T_097FZRLG,A00118
T_YTLCQFMU,A00025
T_6P0N17UX,A00105
T_KJD2V1L1,A00027
T_6HAIH7WF,A00085
T_E3PQK1IO,A00006
T_LCVHFWJF,A00066
T_YUPMANQY,A00032
T_7NG0APSA,A00117
T_7VBJRBZJ,A00064
T_QVQG0XTD,A00118
T_G4C4EPZL,A00094
T_A44LZ6V7,A00094
T_C3S0DPJH,A00007
T_LUEQ4D7D,A00000
T_V812HNC0,A00040
T_LNKKUO4J,A00016
T_DMN1S3YG,A00033
T_HZM32HZS,A00072
T_JQBEXGFV,A00026
T_LDM6FRM6,A00004
T_GA3QUPO4,A00069
T_OB7I77DP,A00086
T_S7587H91,A00020
T_12QFAF5K,A00101
T_IY4NRMQY,A00092
T_Z1DE1E16,A00059
T_MY8A5GIN,A00009
T_6XEGHPMX,A00050
T_RJ8GOSD3,A00105
T_3FESYAXY,A00102
T_WV2QNRMT,A00094
T_5CA8ZJSW,A00049
T_ERN6YJMK,A00005
T_PQKBE0TO,A00045
T_WPJ8YI34,A00018
T_LBV03DS0,A00009
T_8JX54PEG,A00023
T_2YBUH7JY,A00109
T_6YJOAOEJ,A00051
T_ZHW0VQPV,A00002
T_MPQ0HZYJ,A00040
T_9C0TK1QQ,A00071
T_P9A9URI7,A00072
T_HDK5199T,A00027
T_LND581LT,A00035
T_3Q7GKTMQ,A00036
T_9OWWEW9V,A00053
T_UQDN05XT,A00021
T_IQZHECBU,A00111
T_9SEVL7FQ,A00022
T_OSQN285T,A00086
T_P3C330BO,A00003
T_FJ31EGOM,A00013
T_XC6RIJKQ,A00042
T_1FKHNNK8,A00004
T_K0ZFKNWB,A00086
T_NS5SR69X,A00033
T_5RGSG6A8,A00048
T_V0EHRUWA,A00035
T_XODLCTT0,A00046
T_I2G74IZG,A00031
T_G3C6SCIV,A00095
T_B2CRPRDV,A00100
T_5E51H3WQ,A00055
T_GSS8K5IJ,A00080
T_8RL9QFCP,A00096
T_3GDILK1Q,A00068
T_LGOGFXLS,A00019
T_IJ74NL03,A00034
T_P1O8M291,A00097
T_KNL2LUHH,A00032
T_LRZQ8BXY,A00020
T_NDXJN7DE,A00075
T_5VUUPLTX,A00019
T_15Z08N10,A00098
T_LYZJ0AEO,A00046
T_6SAPBS22,A00007
T_CDUEFS4U,A00094
T_3Q69FLGU,A00055
T_A3AIPJIY,A00037
T_376ZUGFL,A00098
T_EMC57XHF,A00099
T_E6P4NP00,A00003
T_1VE8SUSF,A00026
T_9OHDSRS8,A00095
T_M84P4K9D,A00012
T_XLFIUEFZ,A00093
T_0KW3PGSF,A00110
T_2BHON4WB,A00014
T_FOT10GDM,A00111
T_94TEVWLQ,A00059
T_8YDR3UES,A00046
T_DO5DIGXL,A00095
T_J6LNF040,A00113
T_W4IOAR4G,A00018
T_WTEK17M6,A00058
T_YMSCNX8E,A00012
T_K5LP9C5S,A00091
T_HA0MVF4S,A00087
T_GFYW4I7Z,A00067
T_B8OOSPRL,A00035
T_UL7W8COF,A00090
T_PVIMI8FO,A00082
T_FJLWSS1V,A00056
T_0QC96MJ9,A00069
T_V5Y21ID9,A00054
T_X48PW5K0,A00108
T_YJMAZRVH,A00053
T_RVUV5YBD,A00090
T_IUZV3ZBX,A00097
T_73W1YAUA,A00004
T_BQ6MYM8J,A00102
T_1FU5X012,A00033
T_T28LL6DO,A00078
T_ZM3618LE,A00109
T_1TOZHDV5,A00037
T_MEN4052W,A00068
T_IF9AIZH5,A00005
T_84RPU9GG,A00031
T_90Z92JN6,A00115
T_E49ITE92,A00088
T_3IMZ93IJ,A00103
T_P8GUUCM5,A00075
T_J6AVP1EO,A00072
T_LU58FTYL,A00038
T_V1CCOFH9,A00045
T_RED8U8NO,A00118
T_MZ5RGOI9,A00039
T_J5CUYDA9,A00067
T_6U48GWGH,A00102
T_6Z5GF3BB,A00022
T_MGS6RV97,A00013
T_YCIF8R2B,A00014
T_V4DX6UZS,A00107
T_1KWONRRL,A00057
T_KYB3GD60,A00098
T_TBKG8B35,A00006
T_Z6D86ZCH,A00087
T_HY7AI339,A00048
T_BFIY5PU5,A00051
T_OA3N4G2J,A00034
T_EYCEF2CT,A00057
T_OTKUDE35,A00088
T_9QDI3G13,A00066
T_P1XS910B,A00018
T_GQ6CN8SI,A00117
T_5CITUF8C,A00003
T_Z0LB6YAA,A00079
T_1BTA3RUN,A00028
T_YWM9Q7FT,A00030
T_8NJF0PKB,A00022
T_WHO5QQ8Q,A00107
T_IZU802NQ,A00026
T_OQTQ685O,A00027
T_NSGPYNYJ,A00084
T_2HOQ5E7L,A00073
T_BDCA75LD,A00112
T_LCWL6QMG,A00027
T_FE6OUWZK,A00019
T_Q1ENNGAY,A00116
T_688U595C,A00057
T_D78HWK22,A00019
T_PG4GKS6R,A00075
T_J9MJ9XXL,A00039
T_KHQNZJNN,A00002
T_7ZTRJ67D,A00016
T_33DCNF22,A00002
T_M6CU88WL,A00103
T_H0CD8A2I,A00017
T_G3ZRZQ0V,A00067
T_GHFT9ZZC,A00010
T_4KOXHJMI,A00081
T_CR6C1PY6,A00008
T_6ZV8U0LM,A00117
T_L9GVBMQQ,A00062
T_QF1PAFL9,A00059
T_36F8HARJ,A00101
T_8TIR0P8F,A00106
T_ZVFSRHR8,A00041
T_PEEK035N,A00079
T_I8Y66W6R,A00053
T_GELW8IVI,A00089
T_L5NFLTQ6,A00002
T_G1ZN1RIA,A00099
T_JL9VT3X8,A00100
T_5SSINZ4K,A00094
T_1CQ6FWTV,A00082
T_ZQFE8E5T,A00025
T_WXOL4BKU,A00003
T_R7FDFZDM,A00016
T_RTSXOF33,A00008
T_XUB4IBHI,A00007
T_1YA1RYZT,A00049
T_RMC5S3OF,A00074
T_SFHVMLJE,A00047
T_SOGB205H,A00085
T_VKQXI64H,A00113
T_MRZZQO17,A00110
T_7CDABBAJ,A00109
T_DNX80NKX,A00020
T_Q796EW82,A00033
T_0Q5ZJAUC,A00011
T_BR3O9UBC,A00048
T_HJY8GY39,A00061
T_2Z0KDN3T,A00062
T_LXOUN91F,A00018
T_8DJE7XQT,A00046
T_9FMW04U9,A00110
T_ESBDA7XF,A00112
T_4N7S3HMO,A00093
T_FY1Z682R,A00058
T_3TD3ABEG,A00038
T_PMOZKNHP,A00015
T_Y9RMJR21,A00005
T_M8RABR6R,A00112
T_WDNMVQLT,A00091
T_AE527PSQ,A00012
T_JESGQ4BV,A00006
T_IN0XGNKI,A00062
T_38EFE9VA,A00056
T_YWDRKUPC,A00114
T_I7EADGHX,A00117
T_XUEBHK0O,A00101
T_JTK3LIRH,A00085
T_NWT2FES5,A00022
T_WOW73O1B,A00031
T_7OV50EW2,A00092
T_RCVPUZ11,A00036
T_37KTLL8S,A00083
T_VXUQDRMS,A00087
T_5VI7LIG9,A00034
T_JPX16F1K,A00035
T_HQSE0KIV,A00041
T_RIRJUTFV,A00103
T_G77Q9VJU,A00008
T_DPLFE19B,A00076
T_27YH6UAM,A00016
T_HV17MIAV,A00029
T_AFUW93EI,A00078
T_GHDILUVN,A00114
T_P0NWNTJ5,A00056
T_SNPHFC4Y,A00063
T_OIKIVQA7,A00045
T_NMNR06DJ,A00002
T_HVSTHBNB,A00021
T_BC7QK4K6,A00070
T_5WU2550K,A00029
T_8VC1J2T2,A00103
T_7IA41SAS,A00068
T_4IVN2QQZ,A00019
T_CNAQ2YOT,A00005
T_2U4OJ7G4,A00045
T_4E6NKAR1,A00047
T_1F2OF66J,A00101
T_E8IFXDNM,A00059
T_3TB94CLL,A00045
T_UCSWNQMW,A00091
T_SEPR1B20,A00102
T_LZ0WF1HW,A00048
T_8HUP3FTJ,A00001
T_JRCQ97RC,A00004
T_Q8UT60WL,A00108
T_V6IARLSR,A00103
T_5DFI25I6,A00102
T_OUKIW8X1,A00095
T_FRB7EI5R,A00055
T_II2MVV4D,A00108
T_672ZFBQB,A00063
T_ZXDFLD9C,A00105
T_O9DVWS3K,A00114
T_ZDVYB4XZ,A00099
T_ZO3I9LLI,A00083
T_5F9E0KLL,A00075
T_X7TV7HRB,A00119
T_42O3Q825,A00004
T_L6UZA28O,A00084
T_IV86ZP1W,A00017
T_R3SHLX0S,A00013
T_H10B8VK9,A00078
T_W2R576VI,A00075
T_643YUOAI,A00038
T_BC2T67A5,A00055
T_9HXKEI9U,A00063
T_PLIRD70G,A00087
T_HFD7LTTC,A00054
T_11JG1MS4,A00099
T_KC2MNG80,A00078
T_MSYG91MM,A00018
T_3HGW10C9,A00099
T_LN6BGUAX,A00049
T_85D4VUEE,A00000
T_WB4LL3K4,A00015
T_39K499NR,A00033
T_GDESVDE9,A00041
T_UCBL116C,A00027
T_TK61B7PX,A00116
T_A6B3ODF7,A00075
T_XU5WAHZG,A00023
T_SJ21GTCH,A00087
T_OV6KI4EP,A00017
T_GJEGXEYE,A00075
T_YEH8UXZ3,A00009
T_FXEN9NSJ,A00018
T_54XR8PJP,A00024
T_HDKKG1R1,A00037
T_QYJROFH6,A00028
T_9TXFJNJD,A00028
T_C8D6JI87,A00002
T_RTFA11PM,A00080
T_1J2VWY8U,A00092
T_IBMQIMI8,A00113
T_I5HO9CY9,A00017
T_DJ7O9X66,A00047
T_JV07IRJG,A00103
T_OLDU7JPM,A00101
T_09UYG3IB,A00003
T_CQWB00N1,A00058
T_6RANTY6D,A00106
T_PZFZZ5T6,A00013
T_3VXHQG4Q,A00020
T_1AONT75E,A00102
T_8ER6U0ES,A00068
T_SV5ITMTJ,A00006
T_4H2HWSWC,A00062
T_QY9MBAAX,A00041
T_0WCYR2P6,A00096
T_Z9LY2SKK,A00003
T_TKS1F3KW,A00073
T_QBBX5NWD,A00055
T_UIFJILXN,A00048
T_ZWBHO4UW,A00070
T_7GCJBEO4,A00109
T_WJ4G8R7S,A00033
T_JFCZWKGU,A00051
T_IPZN0THL,A00002
T_O8WF8NK5,A00105
T_TGG50YQL,A00043
T_S710NUSG,A00067
T_3CYBYC4I,A00078
T_JLZOHFDD,A00067
T_EB9IDYRE,A00100
T_BCD11R89,A00109
T_56AG39BD,A00092
T_SAYMWR03,A00076
T_HN2ECLCE,A00087
T_IOR4V1OG,A00037
T_CQMPD7Z4,A00018
T_3W2MROP2,A00005
T_2ABG9SHO,A00054
T_QL0DGH6M,A00087
T_DWR1XFHS,A00073
T_T292MI56,A00114
T_IN0BYQYV,A00027
T_2KGA99UF,A00008
T_W35X3X10,A00098
T_F2UWUFUK,A00037
T_HGGG23KF,A00109
T_WAUFXQP6,A00052
T_70SHYVNI,A00071
T_A3KAMOX9,A00096
T_T4FVMYPJ,A00003
T_W7HU3D35,A00052
T_1JGJTI2L,A00118
T_1AYSV6O9,A00061
T_Y3M84BCT,A00010
T_C0BOGWHU,A00077
T_NWJ6PVOC,A00093
T_OEEA20RW,A00110
T_7C1A7YJ8,A00089
T_8LZGM8DT,A00016
T_FDVAE1IS,A00116
T_9NGQ6TLV,A00073
T_5KB3PKBQ,A00018
T_760RS6C4,A00013
T_DGS9GT0R,A00023
T_5I3IEST9,A00054
T_8A2VZPY9,A00057
T_6S34A1NF,A00030
T_LF9YXAM9,A00044
T_CX7CULOQ,A00093
T_YIWT258E,A00098
T_I4PZZJ8X,A00093
T_SWXKQTQ3,A00078
T_ITQRT8G7,A00022
T_W9RTNFW6,A00092
T_H9BXLSOG,A00073
T_5X51O0LQ,A00034
T_G04JGSQO,A00069
T_WETUJO55,A00031
T_JY6G107G,A00021
T_8HZMVYD4,A00051
T_N8RJN4LV,A00047
T_LW563C36,A00024
T_ZUJB4HLL,A00106
T_0N53R4SI,A00027
T_8F52K1D1,A00034
T_VRC0ERJE,A00089
T_O67U61O8,A00044
T_QPKGRMM0,A00096
T_PN524KSK,A00075
T_9A7ABFLX,A00054
T_55325CAM,A00082
T_0YKKSWNW,A00071
T_HQWP8XFA,A00119
T_NH8S2GT3,A00117
T_F4AKDNAD,A00077
T_TMT1OZXG,A00091
T_0NWRN57L,A00033
T_6T0OTGPE,A00048
T_PZHUUG4B,A00025
T_HOGDPL4C,A00078
T_FXZIU6HU,A00114
T_Q0RFOIAL,A00082
T_E6V4UAUP,A00092
T_QSRER6LU,A00076
T_31D2O25T,A00003
T_V75SSUMH,A00062
T_IT72723B,A00023
T_CU2LQM58,A00082
T_XG770XDH,A00019
T_HAOQHVD8,A00105
T_EF578O1F,A00019
T_D6BWBEM0,A00051
T_0HKGNHAG,A00079
T_2GDAUOS7,A00097
T_VNA3G49M,A00019
T_2HYVEZRA,A00000
T_PMLNL7HA,A00024
T_BEWRUKFW,A00119
T_AIEKX6MJ,A00075
T_KIEW6OR6,A00110
T_WNV2MK48,A00039
T_QABCE2EH,A00032
T_O1DFSTS3,A00057
T_5DMCDSOD,A00003
T_5NTJK2GZ,A00104
T_4YQZVRHU,A00068
T_37746PFM,A00105
T_ACJOD8WA,A00060
T_XEJAXVT7,A00062
T_ZULYZLGJ,A00080
T_VR62TRIC,A00106
T_NUKONDHK,A00053
T_31PHYSVK,A00029
T_C3J548FH,A00001
T_DBFXA2WD,A00013
T_ZWSS9V66,A00087
T_SVKXB3CT,A00068
T_1Q5MS7UP,A00020
T_3JBRRD44,A00007
T_1Y7SR3JF,A00011
T_1U97RWJV,A00092
T_2PMB6XGK,A00011
T_ND7U4XXG,A00092
T_4NTZ7PJS,A00036
T_DF9M13OT,A00043
T_JOZIBP9O,A00028
T_PWCKH3V1,A00008
T_395ZDHZ6,A00081
T_UDL3AF6K,A00041
T_PX5ZJ2O4,A00012
T_EJT1WT80,A00066
T_CJS924W7,A00034
T_T2I9OWP7,A00084
T_LV92BEEV,A00011
T_NZMCCYC3,A00118
T_I9XDULVN,A00040
T_KETUGKNN,A00073
T_OLPF37L5,A00063
T_U2LLH22B,A00003
T_NEW1MKDW,A00112
T_ZYFGGK82,A00001
T_O1WODGZD,A00039
T_X9A6TDV9,A00066
T_CU5M767J,A00111
T_3C07BTI1,A00081
T_05TQM3G9,A00075
T_U1S5N18B,A00085
T_KQ054CFG,A00047
T_10R709Q6,A00078
T_X0RB5TNG,A00082
T_T2C283JZ,A00083
T_ZSFWI45A,A00041
T_ORK64MGJ,A00111
T_3HTNCVHZ,A00006
T_60LXET8S,A00096
T_UPVSF5YC,A00079
T_4D4YJI35,A00017
T_GEHUIQSI,A00032
T_RO37U9SS,A00070
T_FBEGGACS,A00021
T_SWYU2RNA,A00003
T_DC06KLI7,A00101
T_14XHL5V3,A00100
T_9Q16A3KL,A00098
T_AYP9YPDA,A00042
T_D49IK3TD,A00090
T_BWNUHPHT,A00060
T_NQAIPT6U,A00020
T_NVGQCQNY,A00003
T_Z9Q8SU5N,A00112
T_76NFCQML,A00097
T_D0RNGCT2,A00090
T_V7PGF7MV,A00091
T_6DTYN4BP,A00034
T_5RAU7BWH,A00108
T_G3K59S7V,A00058
T_S83GYZIE,A00062
T_1AC27X1C,A00101
T_Q39XLP0B,A00108
T_HBCPLA8J,A00017
T_ULK3FUQV,A00039
T_KQE4DWZ7,A00032
T_H11BLF1X,A00010
T_H52MJ13M,A00037
T_JTBPGT99,A00110
T_8LI72W4O,A00038
T_37ZOQMC8,A00057
T_VTL1DRZ0,A00001
T_89QSNVYF,A00012
T_ZGAZNI37,A00087
T_CEPL2U5C,A00114
T_LM576M2Y,A00010
T_BK8R1Z4Q,A00043
T_NBI1CAO8,A00086
T_6EJEBHBW,A00088
T_W689MW68,A00038
T_FNCC8UUX,A00043
T_NPJ269SY,A00069
T_KU8NIARN,A00108
T_FMAR9LEO,A00027
T_CG8ZF2L4,A00074
T_64BIW8UO,A00114
T_DOHE7KY8,A00014
T_U9Q44DVV,A00072
T_IY525FNS,A00107
T_VAQDMFZT,A00088
T_20GM62S6,A00082
T_1SHNTCVL,A00013
T_NSZ117R1,A00012
T_7SU62J8L,A00077
T_1FBTWTW4,A00092
T_K9X0740C,A00035
T_ZY00EW9J,A00025
T_PM7ZDNG6,A00091
T_BJHY3M2I,A00113
T_VVI1YX9D,A00115
T_V4F0TE2J,A00110
T_OFC57PAC,A00049
T_Q16NZ7DS,A00050
T_22KB8OHL,A00036
T_KVGG4NP4,A00001
T_X707TLYD,A00052
T_08VYDWOX,A00068
T_NHU25Z8K,A00087
T_TIJH33IC,A00046
T_9J52OYYR,A00047
T_2J16W8MI,A00092
T_01N3P6EG,A00119
T_U777LDM1,A00001
T_KQE7A5JI,A00050
T_E3BYJTH2,A00049
T_5H3QOXQD,A00040
T_0RTMG7C0,A00087
T_N8K6P62J,A00026
T_XFX3AT25,A00024
T_UOLGQE6X,A00016
T_TA7LS9B7,A00119
T_GQ4HPVIU,A00039
T_YRFBENMZ,A00080
T_VG042MZ8,A00003
T_X1PZGSVA,A00019
T_2HMEPDMB,A00114
T_GV2ESF4N,A00065
T_M43T6UU8,A00012
T_PZJ42RL1,A00080
T_87SW1K9M,A00018
T_9WG0MCG5,A00085
T_6I62R2CX,A00006
T_J3AYIUKE,A00062
T_HNOC2XI3,A00009
T_JRNJCGWC,A00093
T_7MPA7DZV,A00098
T_2C23AG9X,A00045
T_DL7U1P8O,A00084
T_RCP6I29G,A00066
T_8Z8TRTM4,A00058
T_ED1LG8Y2,A00025
T_FVMAM3JK,A00005
T_APUOLXPO,A00006
T_7PH6P9JL,A00113
T_QB09UW8P,A00028
T_ZIHZVZGM,A00072
T_PICLKS44,A00026
T_OPKLJ670,A00036
T_WO7V1IZ4,A00039
T_JOA14ZGI,A00112
T_R79YT1S4,A00092
T_1QCG41RK,A00114
T_2NRV4EIB,A00090
T_FVU3F0ME,A00008
T_MZOLMYQA,A00110
T_JMKJLNDI,A00008
T_6GO70BIL,A00037
T_AIQUSY2O,A00013
T_9XZ6UK18,A00115
T_6CJ9K4CI,A00056
T_U7PMQM57,A00104
T_2AALUDHA,A00079
T_CYYPQ7A4,A00056
T_3I0GXHC6,A00096
T_RIHZ8EEK,A00104
T_AQFF2K5C,A00098
T_Q1D7XYLJ,A00069
T_NXI5P2QF,A00006
T_B82MOTZ6,A00076
T_GU72DD9E,A00080
T_9T30B69C,A00044
T_WIFD8WZG,A00102
T_680IUGA4,A00018
T_L3VX4GH0,A00086
T_P6ASSSUL,A00038
T_WNSMW5GY,A00047
T_PXF50OJQ,A00050
T_UACOTFVA,A00045
T_C781HFL1,A00014
T_Y3XGWK1G,A00059
T_SXTDHDX1,A00079
T_I4CXGF8G,A00108
T_ENFPPRO6,A00113
T_UCLLE4A2,A00033
T_R3S18WK5,A00067
T_HXEF73GG,A00016
T_JH9KRS51,A00078
T_Q3OV9JYD,A00078
T_C5PAYGAA,A00002
T_O5AWLGIT,A00069
T_74WXUWCO,A00020
T_II49H5VN,A00119
T_6CMEWT33,A00052
T_T8D9GX2H,A00055
T_40I6QV4T,A00069
T_NXPWNUA6,A00063
T_1WQQOQSD,A00031
T_IYMR0AZ0,A00082
T_T1WM3EQL,A00051
T_VYWAPKE5,A00028
T_WP9K1UOA,A00097
T_JMWUOCS2,A00063
T_KQ7MOU3D,A00031
T_L2FX35LG,A00037
T_BOT6ATJ4,A00058
T_TT52LK3T,A00112
T_9TO5A7QN,A00095
T_Z1OV5VXA,A00044
T_JU39X6KQ,A00071
T_EQOXBE1P,A00083
T_EVBRX8U7,A00117
T_7N2ELMV5,A00037
T_7GVLHWXP,A00038
T_6KK2NIPG,A00034
T_8K0HF36C,A00000
T_GD572I2F,A00062
T_1TTIMLYT,A00106
T_G4F4DESR,A00040
T_WNVJQJIN,A00117
T_504K34EU,A00006
T_J4VBISBH,A00067
T_2YIX79PB,A00043
T_RRA3PLCG,A00071
T_3HLI32BS,A00008
T_RK5R0PNF,A00045
T_I3EVJN2J,A00101
T_U2YETTRU,A00116
T_VXKKXO0S,A00043
T_4WQNG6N1,A00020
T_S804BFPV,A00012
T_XWCETGV4,A00010
T_LUK87322,A00090
